genre,name,artist,nha,version,bpm,difficult,notes,scratchNotes,chargeNotes,backSpinScratchNotes,diffSordNumStr,mstVersion,insDate
RENAISSANCE,A,D.J.Amuro,HYPER,7th,93～191,10,1111,37,0,0,1,2,Sun Apr 03 10:42:23 JST 2016
RENAISSANCE,AA,D.J.Amuro,HYPER,RED,154,10,1386,22,0,0,2,2,Sun Apr 03 10:42:23 JST 2016
EPIC TRANCE,ABSOLUTE,dj TAKA,ANOTHER,4th,60～144,10,1218,41,0,0,3,2,Sun Apr 03 10:42:23 JST 2016
TRANCECORE,Abyss -The Heavens Remix-,dj TAKA Remixed by Ryu☆,HYPER,9th,171,10,938,70,0,0,4,2,Sun Apr 03 10:42:23 JST 2016
TRANCECORE,Abyss -The Heavens Remix-,dj TAKA Remixed by Ryu☆,ANOTHER,9th,171,10,1188,70,0,0,5,2,Sun Apr 03 10:42:23 JST 2016
ARTCORE,Adularia,DJ TOTTO,HYPER,SPA,180,10,972,28,31,4,6,2,Sun Apr 03 10:42:23 JST 2016
GOTHIC METAL,Agnus Dei,あさき,ANOTHER,SKY,70～168,10,1051,82,0,0,7,2,Sun Apr 03 10:42:23 JST 2016
HARD RENAISSANCE,ALBIDA,DJ YOSHITAKA,HYPER,RA,185,10,1013,57,0,0,8,2,Sun Apr 03 10:42:23 JST 2016
HYPER J-POP SEVEN,ALFARSHEAR 双神威に廻る夢,TЁЯRA,ANOTHER,DD,170,10,1049,36,0,0,9,2,Sun Apr 03 10:42:23 JST 2016
NATURAL SOUND,alla turca con passione,Twin AmadeuS,ANOTHER,SKY,140,10,1103,65,0,0,10,2,Sun Apr 03 10:42:23 JST 2016
TECHNO,Almace,Qrispy Joybox,ANOTHER,LC,172,10,1012,64,30,4,11,2,Sun Apr 03 10:42:23 JST 2016
DYNASTIC FREEFORM,Ancient Scapes,Durandal,HYPER,SPA,178,10,1073,67,0,0,12,2,Sun Apr 03 10:42:23 JST 2016
PSYCHEDELIC SYNTH TRANCE,ANDROMEDA II,Sota Fujimori,ANOTHER,GOLD,152,10,1255,23,0,0,13,2,Sun Apr 03 10:42:23 JST 2016
HARD RENAISSANCE,Anisakis -somatic mutation type "Forza"-,朱雀,HYPER,DJT,185,10,1089,52,0,0,14,2,Sun Apr 03 10:42:23 JST 2016
STARPOP,Answer,星野奏子,ANOTHER,RA,156,10,1224,69,0,0,15,2,Sun Apr 03 10:42:23 JST 2016
ORATORIO,Apocalypse ～dirge of swans～,Zektbach,ANOTHER,DD,170,10,1214,85,0,0,16,2,Sun Apr 03 10:42:23 JST 2016
ARABIC HARDCORE,Arabian Rave Night,dj MAX STEROID,HYPER,EMP,180,10,1166,46,0,0,17,2,Sun Apr 03 10:42:23 JST 2016
UPLIFTING TRANCE,Arcana,Maozon,ANOTHER,cop,143,10,1150,19,15,0,18,2,Sun Apr 03 10:42:23 JST 2016
ELECTRO POP,Ascalon,Qrispy Joybox,ANOTHER,tri,185,10,1171,86,0,0,19,2,Sun Apr 03 10:42:23 JST 2016
TRANCE CORE,Aurora,Ryu☆,HYPER,SKY,181,10,1100,62,0,0,20,2,Sun Apr 03 10:42:23 JST 2016
CLASSICAL PIANO SOLO,avant-guerre,Osamu Kubota,ANOTHER,DJT,130～146,10,982,0,0,0,21,2,Sun Apr 03 10:42:23 JST 2016
TRANCE,awakening,AKIRA YAMAOKA,ANOTHER,RED,143,10,866,18,0,0,22,2,Sun Apr 03 10:42:23 JST 2016
SPEED RAVE,B4U,NAOKI,ANOTHER,4th,155,10,1014,95,0,0,23,2,Sun Apr 03 10:42:23 JST 2016
ITALO POP,BABY LOVE,Noria,ANOTHER,10th,160,10,1089,97,0,0,24,2,Sun Apr 03 10:42:23 JST 2016
2STEP POP TRANCE,Back Into The Light,Sota Fujimori,ANOTHER,10th,144,10,1086,8,0,0,25,2,Sun Apr 03 10:42:23 JST 2016
INDUSTRIAL,Bad Maniacs,kors k as teranoid,HYPER,SIR,195,10,989,84,0,0,26,2,Sun Apr 03 10:42:23 JST 2016
SPIRITUAL,bag,Reven-G,ANOTHER,9th,130,10,963,56,0,0,27,2,Sun Apr 03 10:42:23 JST 2016
HOUSE,Bahram Attack -猫叉Master Remix-,猫叉Master feat.JUNE,ANOTHER,EMP,155,10,1314,29,0,0,28,2,Sun Apr 03 10:42:23 JST 2016
BUBBLEGUM DANCE,bass 2 bass,Ryu☆,ANOTHER,SIR,140,10,970,248,0,0,29,2,Sun Apr 03 10:42:23 JST 2016
HARD DANCE,Battle Train -IIDX Edition-,Sota Fujimori,HYPER,cop,160,10,1302,44,0,0,30,2,Sun Apr 03 10:42:23 JST 2016
EUROBEAT,Be OK,good-cool ft. Florence,ANOTHER,DJT,160,10,1215,68,0,0,31,2,Sun Apr 03 10:42:23 JST 2016
NEO CLASSICAL DANCE,Beat Radiance,iNO,ANOTHER,PEN,192,10,1335,96,0,0,32,2,Sun Apr 03 10:42:23 JST 2016
DRUM'N'BASS,BEAUTIFUL ANGEL,DJ SWAN (Toshiaki Komiya &amp; Keiichi Ueno),ANOTHER,SIR,172,10,1254,58,0,0,33,2,Sun Apr 03 10:42:23 JST 2016
ELECTRO POP,being torn the sky,猫叉Master+ feat.JUNE,ANOTHER,SIR,102,10,998,10,0,0,34,2,Sun Apr 03 10:42:23 JST 2016
WORLD/ELECTRONICA,Beyond The Earth,猫叉Master,HYPER,PEN,140,10,1102,154,0,0,35,2,Sun Apr 03 10:42:23 JST 2016
JUMPSTYLE,BITTER CHOCOLATE STRIKER,L.E.D.-G,HYPER,EMP,165,10,1142,117,0,0,36,2,Sun Apr 03 10:42:23 JST 2016
TECH-BREAKBEATS,BLACK.by X-Cross Fade,DJ Mass MAD Izm*,HYPER,LC,163,10,1111,389,0,0,37,2,Sun Apr 03 10:42:23 JST 2016
HARD RENAISSANCE,Bloody Tears(IIDX EDITION),DJ YOSHITAKA,ANOTHER,DD,170,10,1094,79,0,0,38,2,Sun Apr 03 10:42:23 JST 2016
RAVERS DANCE SPEED,BLUE DRAGON(雷龍RemixIIDX),青龍,HYPER,SPA,188,10,1159,137,8,0,39,2,Sun Apr 03 10:42:23 JST 2016
NU STYLE GABBA,BLUE MIRAGE,DJ CHUCKY,HYPER,PEN,170,10,1091,92,0,0,40,2,Sun Apr 03 10:42:23 JST 2016
DREAM CORE,Blue Spring Express,DJ Scratch &amp; Bend,HYPER,cop,172,10,1087,100,0,0,41,2,Sun Apr 03 10:42:23 JST 2016
HARD DANCE,BLUE STRAGGLER,L.E.D.,ANOTHER,tri,160,10,1328,66,0,0,42,2,Sun Apr 03 10:42:23 JST 2016
CROSSOVER HOUSE,BLUST OF WIND,Anemo=Aspel by MLREC.,ANOTHER,RA,145,10,1080,31,7,0,43,2,Sun Apr 03 10:42:23 JST 2016
EUROBEAT,BOOM BOOM DISCO NIGHT,Y&amp;Co.,ANOTHER,DD,155,10,1151,46,0,0,44,2,Sun Apr 03 10:42:23 JST 2016
TRANCECORE MEETS GABBA,BRAINSTORM,Hardcore United Tokyo(teranoid &amp; DJ TECHNORCH),HYPER,SPA,180,10,1032,144,0,0,45,2,Sun Apr 03 10:42:23 JST 2016
SPACY TRANCE,BRAVE GLOW,SOUND HOLIC feat. Nana Takahashi,ANOTHER,tri,160,10,1261,116,0,0,46,2,Sun Apr 03 10:42:23 JST 2016
ELECTRANCE,BRAVE OUT,nomico / DOWNFORCE,ANOTHER,SPA,150,10,1091,65,0,0,47,2,Sun Apr 03 10:42:23 JST 2016
HARDCORE,Breaking the ground,Art of Fighters,ANOTHER,RA,166,10,1274,166,0,0,48,2,Sun Apr 03 10:42:23 JST 2016
ROCOCO TEK,BREATH,SPARKER,ANOTHER,RED,160,10,875,52,0,0,49,2,Sun Apr 03 10:42:23 JST 2016
DUAL ANTIQUE,Broken Sword,金獅子 VS 麒麟,HYPER,PEN,160,10,1054,31,0,0,50,2,Sun Apr 03 10:42:23 JST 2016
ROCK,Buffalo,good-cool feat.Hideo Suwa,ANOTHER,6th,108,10,932,120,0,0,51,2,Sun Apr 03 10:42:23 JST 2016
HAPPY,Candy Galy,Risk Junk-G,HYPER,GOLD,184,10,1308,66,0,0,52,2,Sun Apr 03 10:42:23 JST 2016
NOSTALISH REQUIEM,CaptivAte～誓い～,A/I,ANOTHER,GOLD,160,10,1127,43,0,0,53,2,Sun Apr 03 10:42:23 JST 2016
SUBLIME TECHNO,CaptivAte～裁き～ (SUBLIME TECHNO MIX),Remixed by DJ YOSHITAKA,ANOTHER,SIR,180,10,1231,92,0,0,54,2,Sun Apr 03 10:42:23 JST 2016
ACID JAZZ,Catch Me,DJ Yoshitaka feat. ERi,ANOTHER,SKY,115,10,925,136,0,0,55,2,Sun Apr 03 10:42:23 JST 2016
FUTURE BASS,Central Station,Recycle,ANOTHER,cop,158,10,1223,110,0,0,56,2,Sun Apr 03 10:42:23 JST 2016
FULL ON,Chain of pain,kors k VS 猫叉Master+,ANOTHER,PEN,153,10,1130,25,0,0,57,2,Sun Apr 03 10:42:23 JST 2016
HEALING DRUM'N'BASS,chrono diver -fragment-†,猫叉Master feat.三澤 秋,ANOTHER,PEN,185,10,1134,27,0,0,58,2,Sun Apr 03 10:42:23 JST 2016
J-CORE,Close the World feat.a☆ru,天叢雲剣,HYPER,SPA,188,10,1075,76,0,0,59,2,Sun Apr 03 10:42:23 JST 2016
HAPPY HARDCORE,Colorful Cookie,Lucky Vacuum,HYPER,EMP,180,10,1143,59,0,0,60,2,Sun Apr 03 10:42:23 JST 2016
EUROBEAT,Colors -Y&amp;Co. Eurobeat Remix-,dj TAKA (remixed by 横田商会),ANOTHER,8th,155,10,1100,27,0,0,61,2,Sun Apr 03 10:42:23 JST 2016
PROGRESSIVE,Concertino in Blue,佐々木博史,HYPER,DD,103～155,10,915,149,0,0,62,2,Sun Apr 03 10:42:23 JST 2016
HARD ELECTRIC POP,Confiserie,L.E.D. vs S-C-U,HYPER,tri,185,10,1097,96,0,0,63,2,Sun Apr 03 10:42:23 JST 2016
SUBLIME TECHNO,CONTRACT,朱雀,HYPER,DD,180,10,863,69,0,0,64,2,Sun Apr 03 10:42:23 JST 2016
HEALIN' HARDCORE,Cradle,positive MA feat. akino,ANOTHER,9th,160～188,10,803,68,0,0,65,2,Sun Apr 03 10:42:23 JST 2016
DRAMATIC EURO TRANCE,CROSSROAD,jun with TAHIRIH,ANOTHER,GOLD,170,10,1097,60,0,0,66,2,Sun Apr 03 10:42:23 JST 2016
CYBORG TRANCE,Cyber Force,Sota Fujimori feat.cyborg AKEMI,ANOTHER,GOLD,146,10,1200,12,0,0,67,2,Sun Apr 03 10:42:23 JST 2016
BUCHIAGE TRANCE,Cyber Force -DJ Yoshitaka Remix-,Remixed by DJ YOSHITAKA,ANOTHER,EMP,146,10,1278,109,0,0,68,2,Sun Apr 03 10:42:23 JST 2016
NEXT SKOOL BREAKBEATS HARDCORE,D,Eagle,HYPER,SIR,30～240,10,1004,79,3,0,69,2,Sun Apr 03 10:42:23 JST 2016
J-POP,D.A.N.C.E.!,DJ Yoshitaka feat.星野奏子,ANOTHER,RED,116,10,826,87,0,0,70,2,Sun Apr 03 10:42:23 JST 2016
EUROBEAT,Daisuke,Y&amp;Co.,ANOTHER,10th,157,10,1205,41,0,0,71,2,Sun Apr 03 10:42:23 JST 2016
トレンディートランス,Dances with Snow Fairies,Dr.Honda,HYPER,RA,154,10,1165,62,0,0,72,2,Sun Apr 03 10:42:23 JST 2016
DARK PROGRESSIVE,DAY DREAM,Mutsuhiko Izumi,HYPER,tri,80～300,10,685,35,0,0,73,2,Sun Apr 03 10:42:23 JST 2016
GIRLY ROCK,DAYDREAMER,ピンクターボ,ANOTHER,RA,195,10,1265,34,0,0,74,2,Sun Apr 03 10:42:23 JST 2016
HANDZ UP,Dazzlin' Darlin,HHH,ANOTHER,DJT,149,10,1115,43,0,0,75,2,Sun Apr 03 10:42:23 JST 2016
EUROBEAT,Dazzlin' Darlin -秋葉工房mix-,Remixed by DJ Command,ANOTHER,SIR,160,10,1053,35,0,0,76,2,Sun Apr 03 10:42:23 JST 2016
HARD IRISH SYMPHONIC,Despair of ELFERIA,猫叉Master,HYPER,PEN,205,10,1248,31,0,0,77,2,Sun Apr 03 10:42:23 JST 2016
MAINSTREAM HARDCORE,Devil's Gear,DJ Myosuke,HYPER,cop,180,10,1152,81,0,0,78,2,Sun Apr 03 10:42:23 JST 2016
SYMPHONIC BREAK BEATS,Devilz Staircase,OSTER project,HYPER,tri,185,10,1134,37,3,0,79,2,Sun Apr 03 10:42:23 JST 2016
HARD ELECTRIC POP,DIAMOND CROSSING,S-C-U vs L.E.D.,HYPER,cop,180,10,917,55,91,0,80,2,Sun Apr 03 10:42:23 JST 2016
MIXTURE,Distress,dj TAKA Remixed by TaQ,HYPER,9th,125,10,937,101,0,0,81,2,Sun Apr 03 10:42:23 JST 2016
HYPER TRANCE EURO BEAT,DIVE ～INTO YOUR HEART～,NAOKI feat.PAULA TERRY,ANOTHER,6th,155,10,1066,56,0,0,82,2,Sun Apr 03 10:42:23 JST 2016
SPEED RAVE,DM STAR ～関西 energy style～,NAOKI,ANOTHER,RA,155,10,1206,30,0,0,83,2,Sun Apr 03 10:42:23 JST 2016
N-BEATS,Do it!! Do it!!,Kraken,HYPER,DJT,300,10,816,110,0,0,84,2,Sun Apr 03 10:42:23 JST 2016
EDM,do the thing feat. Kanae Asaba,MK,ANOTHER,cop,135,10,1171,87,0,0,85,2,Sun Apr 03 10:42:23 JST 2016
HARDCORE,DOMINION,L.E.D.-G,HYPER,SIR,196,10,1194,104,0,0,86,2,Sun Apr 03 10:42:23 JST 2016
J-POP,Don't be afraid myself,platoniX with ray.D,ANOTHER,RED,165,10,1155,62,0,0,87,2,Sun Apr 03 10:42:23 JST 2016
DONK,Donkey Donk,Ryu☆,ANOTHER,cop,155,10,1150,94,108,0,88,2,Sun Apr 03 10:42:23 JST 2016
BATTLE2005,double thrash,414,HYPER,SKY,166,10,1066,63,0,0,89,2,Sun Apr 03 10:42:23 JST 2016
BATTLE2005,double thrash,414,ANOTHER,SKY,166,10,1206,116,0,0,90,2,Sun Apr 03 10:42:23 JST 2016
J-CORE EXPRESS,Dreamin Train,DJ NAGAI feat. Ayumi Nomiya,ANOTHER,cop,174,10,1186,59,12,0,91,2,Sun Apr 03 10:42:23 JST 2016
AKIBA RAVE,Drive Me Crazy,kors k feat.古川未鈴,ANOTHER,LC,180,10,1157,87,0,0,92,2,Sun Apr 03 10:42:23 JST 2016
TECHNO,DXY!,TaQ,ANOTHER,4th,148,10,1158,75,0,0,93,2,Sun Apr 03 10:42:23 JST 2016
HYBRID TWERK,Dynamite,USAO,HYPER,cop,100,10,1246,246,30,0,94,2,Sun Apr 03 10:42:23 JST 2016
TRANCE,e-motion 2003 -romantic extra-,e.o.s. Remixed by dj TAKA,ANOTHER,9th,145,10,1001,17,0,0,95,2,Sun Apr 03 10:42:23 JST 2016
HYPER J-POP SIX,EDEN,TЁЯRA,ANOTHER,SKY,200,10,1363,50,0,0,96,2,Sun Apr 03 10:42:23 JST 2016
GABBA,ELECTRIC MASSIVE DIVER,L.E.D.-G,HYPER,RA,178,10,1291,69,21,0,97,2,Sun Apr 03 10:42:23 JST 2016
HARD RENAISSANCE,Elemental Creation,dj TAKA meets DJ YOSHITAKA,HYPER,tri,212,10,1248,64,0,0,98,2,Sun Apr 03 10:42:23 JST 2016
TRANCE CORE,Elisha,DJ YOSHITAKA,HYPER,SIR,185,10,754,34,91,1,99,2,Sun Apr 03 10:42:23 JST 2016
FRENZY HOUSE,end of world,猫叉Master+,ANOTHER,DJT,162,10,1268,39,0,0,100,2,Sun Apr 03 10:42:23 JST 2016
SACRED TRANCE,entelecheia,Rche,HYPER,PEN,185,10,1106,9,21,0,101,2,Sun Apr 03 10:42:23 JST 2016
HARDCORE,eRAseRmOToRpHAntOM,L.E.D.-G VS GUHROOVY,HYPER,SIR,135～270,10,1340,108,0,0,102,2,Sun Apr 03 10:42:23 JST 2016
80's TECHNO,EURO-ROMANCE,K-MASERA,ANOTHER,DD,161,10,1056,61,0,0,103,2,Sun Apr 03 10:42:23 JST 2016
PROG,evergreen,kors k,ANOTHER,DJT,133,10,997,32,0,0,104,2,Sun Apr 03 10:42:23 JST 2016
J-DANCE POP,Everlasting Last,HHH×MM×ST,ANOTHER,cop,140,10,1124,61,0,0,105,2,Sun Apr 03 10:42:23 JST 2016
ONLY ONE ANTHEM,Everlasting Resort,SUPER STAR 満-MITSURU-,ANOTHER,RA,148,10,959,32,29,1,106,2,Sun Apr 03 10:42:23 JST 2016
ELECTROSHOCK,EXE,Mr.T,ANOTHER,10th,158,10,1131,50,0,0,107,2,Sun Apr 03 10:42:23 JST 2016
J-CORE,Express Emotion,REDALiCE feat. Shihori,ANOTHER,LC,182,10,1271,53,0,0,108,2,Sun Apr 03 10:42:23 JST 2016
HARDCORE,EXUSIA,L.E.D.-G,HYPER,SIR,188,10,1417,100,0,0,109,2,Sun Apr 03 10:42:23 JST 2016
RENAISSANCE,F,D.J. Amuro,HYPER,LC,154,10,1099,31,0,0,110,2,Sun Apr 03 10:42:23 JST 2016
WORLD/ELECTRONICA,fallen leaves -IIDX edition-,猫叉Master,HYPER,PEN,165,10,1085,33,35,0,111,2,Sun Apr 03 10:42:23 JST 2016
HYPER FANTASIA,Fantasia,TЁЯRA,ANOTHER,RA,165,10,1123,67,0,0,112,2,Sun Apr 03 10:42:23 JST 2016
DUB COMEDY,FANTASTIC THREE,ジャカルタファンクブラザーズ,HYPER,PEN,185,10,1166,112,0,0,113,2,Sun Apr 03 10:42:23 JST 2016
BREAK BEATS,Feedback,Audio Highs,ANOTHER,10th,140,10,1010,134,0,0,114,2,Sun Apr 03 10:42:23 JST 2016
DRUM'N'BASS,FEEL IT,RAM,ANOTHER,10th,180,10,1013,51,0,0,115,2,Sun Apr 03 10:42:23 JST 2016
HARDCORE RAVE,Feel The Beat,Falsion,HYPER,SPA,175,10,1129,155,0,0,116,2,Sun Apr 03 10:42:23 JST 2016
HARD Pf,fffff,Five Hammer,HYPER,LC,138,10,1109,57,0,0,117,2,Sun Apr 03 10:42:23 JST 2016
BUCHIAGE TRANCE,FIRE FIRE,StripE,HYPER,GOLD,150,10,927,145,0,0,118,2,Sun Apr 03 10:42:23 JST 2016
MEGA MIX,Flash Back 90's,kors k as disconation,ANOTHER,EMP,155,10,1179,99,0,0,119,2,Sun Apr 03 10:42:23 JST 2016
CANDY HANDZ UP,Flip Flap,kors k,ANOTHER,LC,175,10,1137,80,0,0,120,2,Sun Apr 03 10:42:23 JST 2016
HANDZ UP,Fly you to the star,Another Infinity feat. Mayumi Morinaga,ANOTHER,tri,141,10,1144,83,0,0,121,2,Sun Apr 03 10:42:23 JST 2016
J-DANCE POP,Follow Tomorrow,HHH×MM×ST,ANOTHER,LC,140,10,1142,71,0,0,122,2,Sun Apr 03 10:42:23 JST 2016
JUNGLE,four pieces of heaven,Lion,HYPER,DJT,125～195,10,988,71,0,0,123,2,Sun Apr 03 10:42:23 JST 2016
TRANCE,Freeway Shuffle,dj TAKA,ANOTHER,DJT,145,10,949,47,0,0,124,2,Sun Apr 03 10:42:23 JST 2016
EXPERIMENTAL MUSIC,G59,怒れる金の獅子,HYPER,SIR,170,10,1210,78,0,0,125,2,Sun Apr 03 10:42:23 JST 2016
SPEED DANCE,GAIA,猫叉L.E.D.Master+,HYPER,tri,180,10,1149,45,0,0,126,2,Sun Apr 03 10:42:23 JST 2016
HARDCORE TECHNO,GALGALIM,L.E.D.,HYPER,SIR,165,10,1036,112,0,0,127,2,Sun Apr 03 10:42:23 JST 2016
ESOTELIC SLOWCORE,Ganymede,玄武,HYPER,DD,72～82,10,884,43,0,0,128,2,Sun Apr 03 10:42:23 JST 2016
SWING WALTZ,garden,青野りえ,ANOTHER,SKY,220,10,1100,113,0,0,129,2,Sun Apr 03 10:42:23 JST 2016
DRUM'N'BASS,GENOCIDE,dj Killer,HYPER,RED,175,10,1103,48,0,0,130,2,Sun Apr 03 10:42:23 JST 2016
RAVE,Get'em up to R.A.V.E,Disconation,ANOTHER,SKY,145,10,1158,78,0,0,131,2,Sun Apr 03 10:42:23 JST 2016
GOA TRANCE,GHOST REVIVAL,L.E.D.,ANOTHER,10th,148,10,1311,60,0,0,132,2,Sun Apr 03 10:42:23 JST 2016
GAMER'S ELECTRO/COMPLEXTRO,Glitch Nerds,かめりあ,ANOTHER,cop,140,10,1149,119,24,0,133,2,Sun Apr 03 10:42:23 JST 2016
TRANCE CORE,Go Beyond!!,Ryu☆ Vs. Sota,HYPER,EMP,200,10,899,103,0,0,134,2,Sun Apr 03 10:42:23 JST 2016
TRAPSTYLE,Go Faraway,DJ Noriken feat. Yukacco,ANOTHER,cop,150,10,1259,65,0,0,135,2,Sun Apr 03 10:42:23 JST 2016
JOINT WORK,Godspeed,dj TAKA xxx 猫叉Master xxx L.E.D.,HYPER,cop,165,10,1002,40,40,0,136,2,Sun Apr 03 10:42:23 JST 2016
NU DISCO,Golden Palms,Dirty Androids,ANOTHER,RA,130,10,1036,83,56,0,137,2,Sun Apr 03 10:42:23 JST 2016
GAME MUSIC,GRADIUS -FULL SPEED-,Mr.T,ANOTHER,10th,160～220,10,1074,24,0,0,138,2,Sun Apr 03 10:42:23 JST 2016
KONAMI REMIX,GRADIUS 2012,Sota Fujimori,ANOTHER,tri,180,10,1380,92,36,0,139,2,Sun Apr 03 10:42:23 JST 2016
PROGRESSIVE SCHRANZ,Gravigazer,DJ TOTTO,HYPER,PEN,160,10,966,44,0,0,140,2,Sun Apr 03 10:42:23 JST 2016
ELECTRONICA,GRID KNIGHT,SAW WAVE SQUAD,ANOTHER,GOLD,160,10,1328,71,0,0,141,2,Sun Apr 03 10:42:23 JST 2016
TECHNO,GUILTY,D.J.SETUP,ANOTHER,PEN,148,10,966,45,0,0,142,2,Sun Apr 03 10:42:23 JST 2016
ECCENTRIC,HAERETICUS,D.J.Amuro Vs MAX MAXIMIZER,HYPER,LC,208,10,1000,61,0,0,143,2,Sun Apr 03 10:42:23 JST 2016
HAPPY HARDCORE,HAPPY☆ANGEL,jun with TAHIRIH,ANOTHER,SKY,180,10,1052,70,0,0,144,2,Sun Apr 03 10:42:23 JST 2016
TRANCE,Heavenly Sun(IIDX VERSION),AKIRA YAMAOKA,ANOTHER,DD,130,10,1060,3,0,0,145,2,Sun Apr 03 10:42:23 JST 2016
TRANCE,HI SCHOOL DREAM,PINK PONG,ANOTHER,10th,145,10,915,41,0,0,146,2,Sun Apr 03 10:42:23 JST 2016
DRUM'N'BASS,Hollywood Galaxy,dj TAKA,HYPER,tri,186,10,1039,24,21,0,147,2,Sun Apr 03 10:42:23 JST 2016
GALACTIC J-CORE,Hollywood Galaxy (DJ NAGAI Remix),Remixed by DJ NAGAI,HYPER,PEN,186,10,1234,46,20,0,148,2,Sun Apr 03 10:42:23 JST 2016
TECH DANCE,Hydrogen Blueback,MAD CHILD,ANOTHER,SIR,143,10,1170,69,0,0,149,2,Sun Apr 03 10:42:23 JST 2016
EUROBEAT,HYPER EUROBEAT(2DX style),NAOKI feat.PAULA TERRY,ANOTHER,9th,152,10,990,37,0,0,150,2,Sun Apr 03 10:42:23 JST 2016
DRUM&amp;BASS,Hypersonik,Eagle,ANOTHER,SPA,175,10,1272,53,0,0,151,2,Sun Apr 03 10:42:23 JST 2016
CYBER J-ROCK,I am,有沢みはる from BeForU,ANOTHER,SKY,190,10,1096,32,0,0,152,2,Sun Apr 03 10:42:23 JST 2016
NU-SKOOL BREAKBEATS HARDCORE,ICARUS,Eagle,HYPER,DJT,126～251,10,1097,72,0,0,153,2,Sun Apr 03 10:42:23 JST 2016
REPLICANT CORE,Idola,iconoclasm feat.GUMI,HYPER,SPA,201,10,1181,39,0,0,154,2,Sun Apr 03 10:42:23 JST 2016
HYPER ELECTRO,ILIAS,Masayoshi Minoshima feat. 坂上なち,ANOTHER,tri,142,10,1105,44,0,0,155,2,Sun Apr 03 10:42:23 JST 2016
SYNTHETIC EDM,illuminate,Sota Fujimori,ANOTHER,PEN,146,10,1172,79,0,1,156,2,Sun Apr 03 10:42:23 JST 2016
GOA TRANCE,IMPLANTATION,TOMOSUKE,HYPER,PEN,145,10,885,19,0,0,157,2,Sun Apr 03 10:42:23 JST 2016
DRUM'N'BASS,Infinite cave,猫叉Master+,ANOTHER,LC,190,10,1044,73,0,0,158,2,Sun Apr 03 10:42:23 JST 2016
MILLENNIUM TRANCE,INORI,dj TAKA feat.HAL,HYPER,GOLD,146,10,1330,30,0,0,159,2,Sun Apr 03 10:42:23 JST 2016
SYMPHONIC BREAKS,into the battlefield,the wandering bard,ANOTHER,SPA,180,10,1193,35,0,0,160,2,Sun Apr 03 10:42:23 JST 2016
DRUM&amp;BASS,Into The Sunlight,kobo feat. RIO,ANOTHER,LC,175,10,1192,23,0,0,161,2,Sun Apr 03 10:42:23 JST 2016
MIXTURE,Jack,DesQ,ANOTHER,EMP,116,10,1086,24,0,0,162,2,Sun Apr 03 10:42:23 JST 2016
HARD RENAISSANCE,JOMANDA,DJ YOSHITAKA,HYPER,tri,90～300,10,1300,74,0,1,163,2,Sun Apr 03 10:42:23 JST 2016
HEAVY METAL,KAISER PHOENIX,96,HYPER,SPA,170,10,1194,38,0,0,164,2,Sun Apr 03 10:42:23 JST 2016
TECHNO,KAMIKAZE,dj nagureo,ANOTHER,4th,130,10,1157,59,0,0,165,2,Sun Apr 03 10:42:23 JST 2016
DRUM'N'BASS,Karma,TaQ,ANOTHER,9th,222,10,925,85,0,0,166,2,Sun Apr 03 10:42:23 JST 2016
EUROBEAT,Keep it-秋葉工房mix-,DJ Command feat. NAGISA,ANOTHER,SIR,166,10,942,53,0,0,167,2,Sun Apr 03 10:42:23 JST 2016
JUNGLE CLASSIC,Konzert V,Remo-con vs. dj TAKA,HYPER,cop,160,10,1181,47,0,0,168,2,Sun Apr 03 10:42:23 JST 2016
ASIAN JANGLE,Kung-fu Empire,飛燕流舞,HYPER,EMP,177,10,1327,59,0,0,169,2,Sun Apr 03 10:42:23 JST 2016
RAVE,LAB,RAM,ANOTHER,8th,180,10,1075,69,0,0,170,2,Sun Apr 03 10:42:23 JST 2016
ELECTRO,Last Burning,Dirty Androids,ANOTHER,SIR,130,10,1197,56,0,0,171,2,Sun Apr 03 10:42:23 JST 2016
HARD STACC,Last Dance,dj TAKA,HYPER,SPA,150,10,1040,75,0,2,172,2,Sun Apr 03 10:42:23 JST 2016
LOUD TECH,LAX5 feat.Ryota Yoshinari,Katana Sounds,ANOTHER,LC,190,10,1427,34,0,0,173,2,Sun Apr 03 10:42:23 JST 2016
SYMPHONIC EURO,Leaving…,SEIYA MURAI meets "eimy",ANOTHER,DD,145,10,1116,45,0,0,174,2,Sun Apr 03 10:42:23 JST 2016
TRANCE,Let The Snow Paint Me -Y&amp;Co. Remix-,Sana Remixed by Y&amp;Co.,ANOTHER,9th,136,10,910,23,0,0,175,2,Sun Apr 03 10:42:23 JST 2016
PLATINUM J-POP ONE,LETHEBOLG ～双神威に斬り咲けり～,TЁЯRA,ANOTHER,LC,165,10,1111,33,0,0,176,2,Sun Apr 03 10:42:23 JST 2016
DETROIT TECHNO,LIFE SCROLLING,HIROSHI WATANABE,ANOTHER,RA,134,10,1126,15,0,0,177,2,Sun Apr 03 10:42:23 JST 2016
BREAKCORE,Light My Fire,GUHROOVY feat. NO+CHIN,ANOTHER,PEN,200,10,1060,132,0,0,178,2,Sun Apr 03 10:42:23 JST 2016
BUBBLEGUM DANCE,Light Shine,Ryu☆,ANOTHER,SIR,140,10,988,48,81,0,179,2,Sun Apr 03 10:42:23 JST 2016
PUNK OPERA,Little Little Princess,SHRINE 418,HYPER,SKY,180～212,10,1118,53,0,0,180,2,Sun Apr 03 10:42:23 JST 2016
DRUM'N'BASS,LOVE B.B.B,SWAN K feat. Asuka M,ANOTHER,LC,173,10,1019,18,0,0,181,2,Sun Apr 03 10:42:23 JST 2016
HAPPY CORE,Love♥km,dj TAKA feat. REN,ANOTHER,RA,184,10,1142,25,0,0,182,2,Sun Apr 03 10:42:23 JST 2016
J-HAPPY HARDCORE,LOVE ♥ SHINE,小坂りゆ,ANOTHER,9th,177,10,1046,65,0,0,183,2,Sun Apr 03 10:42:23 JST 2016
DRUM'N'BASS,Love Magic,D.J.SWAN,ANOTHER,SKY,170,10,991,60,0,0,184,2,Sun Apr 03 10:42:23 JST 2016
HAPPY HARDCORE,LOVELY STORM,L.E.D.-G,ANOTHER,DJT,178,10,1429,43,0,0,185,2,Sun Apr 03 10:42:23 JST 2016
TECHNO,lower world,D.J.SETUP,ANOTHER,9th,155,10,1144,54,0,0,186,2,Sun Apr 03 10:42:23 JST 2016
DREAM TRANCE,Lucky Days,Sota Fujimori feat. Kanako Hoshino,ANOTHER,LC,160,10,1111,53,0,0,187,2,Sun Apr 03 10:42:23 JST 2016
LIAISON,Ludus In Tenebris,Akhuta,HYPER,PEN,126,10,1118,63,0,0,188,2,Sun Apr 03 10:42:23 JST 2016
PIECED DOWNBEAT,M.D.Injection,Project B-,ANOTHER,SPA,202,10,1231,54,0,0,189,2,Sun Apr 03 10:42:23 JST 2016
TRIBAL HOUSE,Macho Gang,ANAL SPYDER,ANOTHER,sub,125,10,837,106,0,0,190,2,Sun Apr 03 10:42:23 JST 2016
GOSPEL,Make A Difference,Lala Moore with CoCoRo*Co,ANOTHER,9th,130,10,1155,67,0,0,191,2,Sun Apr 03 10:42:23 JST 2016
HOUSE,Make Me Your Own,good-cool ft. Raj Ramayya,ANOTHER,GOLD,130,10,1086,97,0,0,192,2,Sun Apr 03 10:42:23 JST 2016
HARDCORE TECHNO,MAX 300,Ω,HYPER,7th,12～300,10,982,43,0,0,193,2,Sun Apr 03 10:42:23 JST 2016
LOVELY BUCHIAGE POP,MAX LOVE,DJ YOSHITAKA feat.星野奏子,ANOTHER,DJT,180,10,1348,128,0,0,194,2,Sun Apr 03 10:42:23 JST 2016
HARD HOP,MENTAL MELTDOWN,GUHROOVY fw.TECHNORCH,HYPER,DJT,145,10,1176,128,0,0,195,2,Sun Apr 03 10:42:23 JST 2016
BUBBLEGUM DANCE,Mermaid girl,Cream puff,ANOTHER,RA,140,10,1113,77,0,0,196,2,Sun Apr 03 10:42:23 JST 2016
ELECTRONICA,MINT,SLAKE,HYPER,DD,150,10,917,22,0,0,197,2,Sun Apr 03 10:42:23 JST 2016
FRENCHCORE,Miracle 5ympho X,USAO,ANOTHER,SPA,210,10,1325,112,2,5,198,2,Sun Apr 03 10:42:23 JST 2016
EUROBEAT,Monkey Dance '09,Y&amp;Co. Feat. DOMINO,ANOTHER,EMP,155,10,1142,42,0,0,199,2,Sun Apr 03 10:42:23 JST 2016
哀愁ユーロ,MOON,dj TAKA feat.Erika Mochizuki,ANOTHER,DD,156,10,1118,61,0,0,200,2,Sun Apr 03 10:42:23 JST 2016
POST ROCK,moon_child,少年ラジオ,HYPER,9th,130～160,10,1026,44,0,0,201,2,Sun Apr 03 10:42:23 JST 2016
TECHNO POP SPEED,mosaic,Auridy,HYPER,SIR,188,10,1035,70,0,0,202,2,Sun Apr 03 10:42:23 JST 2016
DANCE POP,Mr.T.(take me higher),Risky Men feat. Asuka.M,ANOTHER,4th,128,10,889,42,0,0,203,2,Sun Apr 03 10:42:23 JST 2016
HARDSTYLE,Musik LoverZ,RoughSketch,ANOTHER,cop,150,10,1268,103,0,0,204,2,Sun Apr 03 10:42:23 JST 2016
METAL POPS,NANAIRO,LIQU@。,ANOTHER,cop,192,10,1308,79,0,0,205,2,Sun Apr 03 10:42:23 JST 2016
ARTCORE,Narcissus At Oasis,Ryu☆,HYPER,10th,170,10,807,35,0,0,206,2,Sun Apr 03 10:42:23 JST 2016
ARTCORE,Narcissus At Oasis,Ryu☆,ANOTHER,10th,170,10,838,39,0,0,207,2,Sun Apr 03 10:42:23 JST 2016
PSYCHEDELIC TRANCE,NEBULA GRASPER,L.E.D.,ANOTHER,RED,152～153,10,1241,28,0,0,208,2,Sun Apr 03 10:42:23 JST 2016
MAINSTREAM HARDCORE,NEO GENERATOR SEVEN,L.E.D.-G,HYPER,PEN,182,10,974,28,0,0,209,2,Sun Apr 03 10:42:23 JST 2016
TECH DANCE,Neonlights,DJ Noriken,ANOTHER,tri,145,10,1127,96,0,0,210,2,Sun Apr 03 10:42:23 JST 2016
NIENTE,neu,少年ラジオ,HYPER,tri,199,10,1099,51,0,0,211,2,Sun Apr 03 10:42:23 JST 2016
ONLY ONE EURO BEAT,NEW GENERATION -もう、お前しか見えない-,SUPER STAR 満-MITSURU-,ANOTHER,DJT,165,10,1342,118,0,0,212,2,Sun Apr 03 10:42:23 JST 2016
HARDCORE,New Lights,kors k,ANOTHER,tri,175,10,1250,94,0,0,213,2,Sun Apr 03 10:42:23 JST 2016
ONLY ONE IDOL SONG,NEW SENSATION -もう、あなたしか見えない-,SUPER HEROINE 彩香-AYAKA-,HYPER,SIR,200,10,1045,47,50,0,214,2,Sun Apr 03 10:42:23 JST 2016
SORROW STEP,Nightmare before oversleep,猫叉Master,HYPER,cop,190,10,988,40,0,0,215,2,Sun Apr 03 10:42:23 JST 2016
ELECTRO GOTHIC,NNRT,Levaslater,HYPER,LC,101～202,10,1290,84,0,0,216,2,Sun Apr 03 10:42:23 JST 2016
ELECTRO TRANCE,Nowhere,Nhato,ANOTHER,cop,140,10,1100,57,0,0,217,2,Sun Apr 03 10:42:23 JST 2016
PROGRESSIVE BAROQUE,No.13,TAKA respect for J.S.B.,HYPER,10th,172,10,1376,52,0,0,218,2,Sun Apr 03 10:42:23 JST 2016
TECHNO POP,NoN-Fiction Story!,Creative Life,ANOTHER,SIR,160,10,1112,44,0,0,219,2,Sun Apr 03 10:42:23 JST 2016
ELECTRO POP,NPC World,PON,ANOTHER,SPA,165,10,1155,87,0,0,220,2,Sun Apr 03 10:42:23 JST 2016
GABBER,Odin,Noizenecio,ANOTHER,SPA,160～180,10,1039,116,0,0,221,2,Sun Apr 03 10:42:23 JST 2016
HARDSTYLE,On My Wings (Hardstyle IIDX),kors k,ANOTHER,PEN,150,10,999,69,0,0,222,2,Sun Apr 03 10:42:23 JST 2016
HARDCORE RAVE,one or eight,sampling masters AYA,HYPER,9th,155,10,985,106,0,0,223,2,Sun Apr 03 10:42:23 JST 2016
HYMNUS,oratio,蓑舞衆,HYPER,DJT,162,10,1056,35,0,0,224,2,Sun Apr 03 10:42:23 JST 2016
HANDZ UP,passionate fate,Ryu☆,ANOTHER,RA,149,10,1075,121,0,0,225,2,Sun Apr 03 10:42:23 JST 2016
HARD NRG,Phoenix,Hommarju,ANOTHER,LC,176,10,1258,55,0,0,226,2,Sun Apr 03 10:42:23 JST 2016
DRUM &amp; BASS,PHOTONGENIC,L.E.D. fw.堀澤麻衣子,HYPER,GOLD,176,10,1002,22,0,0,227,2,Sun Apr 03 10:42:23 JST 2016
DRUM &amp; BASS,PHOTONGENIC,L.E.D. fw.堀澤麻衣子,ANOTHER,GOLD,176,10,1162,22,0,0,228,2,Sun Apr 03 10:42:23 JST 2016
HAPPY GABBA,Plan 8,Ryu☆,HYPER,tri,212,10,1147,192,0,0,229,2,Sun Apr 03 10:42:23 JST 2016
ELECTRIC POP,planarian,S-C-U,ANOTHER,tri,164,10,1279,31,0,0,230,2,Sun Apr 03 10:42:23 JST 2016
DRUM'N'BASS,POINT ZERO,猫叉Master+,ANOTHER,tri,188,10,1068,33,0,0,231,2,Sun Apr 03 10:42:23 JST 2016
EUROBEAT,POODLE,Y&amp;Co.,ANOTHER,SKY,160,10,1156,69,0,0,232,2,Sun Apr 03 10:42:23 JST 2016
TRANCE,POWER DREAM,PINK PONG,ANOTHER,9th,142,10,939,47,0,0,233,2,Sun Apr 03 10:42:23 JST 2016
2 STEP,Power of Love,kors k feat.PSY,ANOTHER,DD,135,10,1077,16,0,0,234,2,Sun Apr 03 10:42:23 JST 2016
CLASSICAL PIANO,Präludium,Yuko Takahashi,ANOTHER,tri,152,10,1164,35,0,0,235,2,Sun Apr 03 10:42:23 JST 2016
PSY TRANCE(FULL ON),Programmed Life,kors k,ANOTHER,RA,145,10,1206,77,0,0,236,2,Sun Apr 03 10:42:23 JST 2016
UPLIFTING TRANCE,Programmed Sun (xac Antarctic Ocean mix),xac,ANOTHER,RA,140,10,1013,25,0,0,237,2,Sun Apr 03 10:42:23 JST 2016
HARD ELECTRONICA,Proof of the existence,猫叉Master+,HYPER,tri,170,10,1104,52,0,0,238,2,Sun Apr 03 10:42:23 JST 2016
E-DANCE POP,Punch Love ♥ 仮面,"上野圭市(a.k.a.Baby Weapon, DJ SWAMI) feat.星野奏子",ANOTHER,EMP,172,10,1269,44,0,0,239,2,Sun Apr 03 10:42:23 JST 2016
TECHNO,QQQ,TaQ,ANOTHER,5th,155,10,1091,88,0,0,240,2,Sun Apr 03 10:42:23 JST 2016
TECHNO,QUANTUM TELEPORTATION,L.E.D.,HYPER,LC,152,10,1216,64,0,0,241,2,Sun Apr 03 10:42:23 JST 2016
BIG BEAT,Queen's Tragedy,猫叉Master+,ANOTHER,EMP,152,10,1135,46,0,0,242,2,Sun Apr 03 10:42:23 JST 2016
PSYCHEDELIC,Quickening,dj TAKA,ANOTHER,9th,150,10,1062,25,0,0,243,2,Sun Apr 03 10:42:23 JST 2016
RAVERS DANCE SPEED,ra'am,雷龍,HYPER,SPA,111～222,10,1003,65,21,1,244,2,Sun Apr 03 10:42:23 JST 2016
DIGI-ROCK,rage against usual,dj TAKA feat.Gt.Shintaro,HYPER,SKY,152,10,1060,70,0,0,245,2,Sun Apr 03 10:42:23 JST 2016
DRUM'N'BASS,Rainbow after snow,猫叉Master feat.林ももこ,ANOTHER,tri,179,10,1090,13,0,0,246,2,Sun Apr 03 10:42:23 JST 2016
HAPPY HARDCORE,rainbow rainbow,Ryu☆,HYPER,10th,177,10,1156,30,0,0,247,2,Sun Apr 03 10:42:23 JST 2016
ASTRAL CHOIR,Raison d'être～交差する宿命～,Zektbach,HYPER,SIR,155～175,10,1184,57,0,0,248,2,Sun Apr 03 10:42:23 JST 2016
R&amp;B,Really Love,大部真由美,ANOTHER,9th,100,10,898,189,0,0,249,2,Sun Apr 03 10:42:23 JST 2016
TECH-BREAKBEATS,Red. by Full Metal Jacket,DJ Mass MAD Izm*,HYPER,SIR,158,10,1062,350,0,0,250,2,Sun Apr 03 10:42:23 JST 2016
BOSSA ELECTRONICA,Reflection Into the EDEN,猫叉Master,ANOTHER,tri,110,10,1100,38,0,0,251,2,Sun Apr 03 10:42:23 JST 2016
TRANCE,refrain,dj TAKA feat.AiMEE,HYPER,cop,158,10,1208,17,0,0,252,2,Sun Apr 03 10:42:23 JST 2016
EMOTIONAL SENTENCE,Re:GENERATION,TAG feat. ERi,ANOTHER,tri,176,10,1145,77,0,0,253,2,Sun Apr 03 10:42:23 JST 2016
INSTRUMENTAL,Regulus,DJ.W,ANOTHER,5th,120～128,10,881,116,0,0,254,2,Sun Apr 03 10:42:23 JST 2016
TECH DANCE,Release The Music,kors k,ANOTHER,LC,146,10,1081,80,0,0,255,2,Sun Apr 03 10:42:23 JST 2016
TRI EURO FANTASIA,REMINISCENCE,jun with Alison,ANOTHER,DJT,171,10,1183,77,0,0,256,2,Sun Apr 03 10:42:23 JST 2016
MYSTERIOUS ROCK,RESISTANCE,セリカ,ANOTHER,LC,184,10,1198,83,0,0,257,2,Sun Apr 03 10:42:23 JST 2016
HARD SONATA,RESONATE 1794,KOHTA,HYPER,RED,160,10,745,45,0,0,258,2,Sun Apr 03 10:42:23 JST 2016
POWER FUSION,RIDE ON THE LIGHT(HI GREAT MIX)†,Mr.T,ANOTHER,5th,180,10,931,44,103,0,259,2,Sun Apr 03 10:42:23 JST 2016
DRUMSTEP,RISE,Dirty Androids,ANOTHER,SPA,182,10,951,48,35,0,260,2,Sun Apr 03 10:42:23 JST 2016
TRANCE,Rise'n Beauty,Sota feat. Cyborg Akemi,ANOTHER,10th,144,10,1094,9,0,0,261,2,Sun Apr 03 10:42:23 JST 2016
HAPPY HARDCORE,RIZING YOU UP,Ryu☆,ANOTHER,SPA,177,10,1295,49,0,0,262,2,Sun Apr 03 10:42:23 JST 2016
ROTTERDAM TECHNO,rottel-da-sun,sampling masters MEGA,ANOTHER,6th,200,10,936,132,0,0,263,2,Sun Apr 03 10:42:23 JST 2016
GABBA,rottel-the-Mercury,sampling masters MEGA,ANOTHER,9th,200,10,1137,83,0,0,264,2,Sun Apr 03 10:42:23 JST 2016
EUROBEAT,Roulette,Y&amp;Co.,ANOTHER,GOLD,160,10,1073,49,0,0,265,2,Sun Apr 03 10:42:23 JST 2016
LOUNGECORE,rumrum triplets,yu_tokiwa.djw,HYPER,tri,192,10,1029,45,0,0,266,2,Sun Apr 03 10:42:23 JST 2016
ONLY ONE FINALE,SA.YO.NA.RA. SUPER STAR,SUPER STAR 満-MITSURU-,ANOTHER,LC,85～170,10,868,58,0,2,267,2,Sun Apr 03 10:42:23 JST 2016
DIMENSION WAVE,SAMSARA,SOUND HOLIC feat. Nana Takahashi,ANOTHER,PEN,164,10,1031,89,0,0,268,2,Sun Apr 03 10:42:23 JST 2016
PROGRESSIVE TRIBAL,Saturn,Mr.Saturn,HYPER,tri,155,10,1040,33,0,0,269,2,Sun Apr 03 10:42:23 JST 2016
BREAKCORE,SCREAM SQUAD,CALF,HYPER,SKY,220,10,869,90,0,0,270,2,Sun Apr 03 10:42:23 JST 2016
TECHNO,Scripted Connection⇒ A mix,DJ MURASAME,HYPER,SKY,151,10,1155,48,0,0,271,2,Sun Apr 03 10:42:23 JST 2016
TECHNO,Scripted Connection⇒ H mix,DJ MURASAME,HYPER,SKY,151,10,1059,53,0,0,272,2,Sun Apr 03 10:42:23 JST 2016
TECHNO,Scripted Connection⇒ N mix,DJ MURASAME,ANOTHER,SKY,151,10,1073,83,0,0,273,2,Sun Apr 03 10:42:23 JST 2016
ROCKIN' DRUM'N'BASS,Session 9 -Chronicles-,PRASTIK DANCEFLOOR,HYPER,RA,182～189,10,1238,65,0,0,274,2,Sun Apr 03 10:42:23 JST 2016
HARD TRANCE,Set U Free feat. Kanae Asaba,Y&amp;Co.,ANOTHER,cop,140,10,1290,16,0,0,275,2,Sun Apr 03 10:42:23 JST 2016
VALIANT BEAT,Several Words,CAPACITY GATE,ANOTHER,LC,180,10,1098,27,29,0,276,2,Sun Apr 03 10:42:23 JST 2016
CONTEMPORARY BREAKS,Shattered control,Vivian,ANOTHER,SPA,160,10,1107,145,0,0,277,2,Sun Apr 03 10:42:23 JST 2016
ONLY ONE BALLAD,She is my wife,SUPER STAR 満-MITSURU-,ANOTHER,SIR,85～170,10,1002,58,0,0,278,2,Sun Apr 03 10:42:23 JST 2016
TECHNO,SHIFT,AKIRA YAMAOKA,ANOTHER,DJT,130,10,1000,34,0,0,279,2,Sun Apr 03 10:42:23 JST 2016
HI-SPEED FANTASY TUNE,SHION,DJ YOSHITAKA,ANOTHER,tri,179,10,1359,41,0,0,280,2,Sun Apr 03 10:42:23 JST 2016
MUSIC GAME TRADITIONAL,Shooting Fireball,dj TAKA,HYPER,PEN,160,10,1181,27,0,0,281,2,Sun Apr 03 10:42:23 JST 2016
REQUIEM PSY,Sigmund,Gram,HYPER,SPA,200,10,1228,31,20,0,282,2,Sun Apr 03 10:42:23 JST 2016
MAKINA,SigSig,kors k,ANOTHER,SKY,179,10,1309,84,0,0,283,2,Sun Apr 03 10:42:23 JST 2016
CANDY RAVE,smooooch・∀・,kors k,ANOTHER,EMP,177,10,1089,89,0,0,284,2,Sun Apr 03 10:42:23 JST 2016
TECH-BREAKBEATS,Snake Stick,DJ Yoshitaka VS. DJ Mass MAD Izm*,HYPER,LC,145,10,1067,338,0,0,285,2,Sun Apr 03 10:42:23 JST 2016
DRUM'N'BASS,SNOW,RAM,ANOTHER,9th,180,10,1038,22,0,0,286,2,Sun Apr 03 10:42:23 JST 2016
TRANCE,snow storm,dj TAKA,ANOTHER,GOLD,145,10,1409,19,0,0,287,2,Sun Apr 03 10:42:23 JST 2016
BUCHIAGE TRANCE,So Fabulous !!,HHH (Ryu☆ &amp; Dai),ANOTHER,DD,149,10,1191,34,0,0,288,2,Sun Apr 03 10:42:23 JST 2016
HARDSTYLE,SOLID STATE SQUAD,kors k Vs. L.E.D.,HYPER,SIR,155,10,1188,123,0,0,289,2,Sun Apr 03 10:42:23 JST 2016
TECHNO,SOLITON BEAM,L.E.D.,ANOTHER,EMP,152,10,1187,15,0,0,290,2,Sun Apr 03 10:42:23 JST 2016
EUROBEAT,Sometimes feat. Kanae Asaba,Y&amp;Co.,ANOTHER,PEN,147,10,1281,60,0,0,291,2,Sun Apr 03 10:42:23 JST 2016
EMO,Sorrows,Asako Yoshihiro,ANOTHER,SIR,185,10,1241,67,0,0,292,2,Sun Apr 03 10:42:23 JST 2016
FREEFORM HARDCORE,SOUND OF GIALLARHORN,L.E.D.-G,HYPER,DJT,184,10,1405,65,0,0,293,2,Sun Apr 03 10:42:23 JST 2016
UK HARDCORE,Sounds Of Summer,Hommarju,HYPER,PEN,175,10,1080,20,15,0,294,2,Sun Apr 03 10:42:23 JST 2016
ENERGETIC TRANCE,Space Time,NISH,ANOTHER,RA,143,10,1114,40,0,0,295,2,Sun Apr 03 10:42:23 JST 2016
MEDIEVAL CHOIR,Sphere,Tatsh feat. K.Nayuki,ANOTHER,RED,160,10,1111,51,0,0,296,2,Sun Apr 03 10:42:23 JST 2016
FRENCH HOUSE,Spinning Around,Dirty Androids,ANOTHER,tri,129,10,1161,48,53,0,297,2,Sun Apr 03 10:42:23 JST 2016
TRANCE,Star Trail,Nhato,ANOTHER,LC,148,10,942,65,0,0,298,2,Sun Apr 03 10:42:23 JST 2016
BREAK CORE,STEEL NEEDLE,Scorpion,HYPER,DJT,205,10,1121,81,0,0,299,2,Sun Apr 03 10:42:23 JST 2016
TECHNO,stoic,TaQ,HYPER,7th,155,10,1250,46,0,0,300,2,Sun Apr 03 10:42:23 JST 2016
GRAVIOL,STULTI,MAX MAXIMIZER VS DJ TOTTO,HYPER,tri,90～182,10,867,48,0,0,301,2,Sun Apr 03 10:42:23 JST 2016
GLITCH STEP,subtractive,Expander,ANOTHER,PEN,180,10,1059,220,0,0,302,2,Sun Apr 03 10:42:23 JST 2016
HARDCORE,Super Duper Racers,kors k &amp; Numb'n'dub,ANOTHER,cop,170,10,1199,87,0,0,303,2,Sun Apr 03 10:42:23 JST 2016
90's ELECTRIC POP,Survival Games,VENUS,ANOTHER,RA,152,10,1091,27,0,0,304,2,Sun Apr 03 10:42:23 JST 2016
ELECTRO POP,Sweet Radar,DJ Genki feat. Yukacco,ANOTHER,PEN,150,10,1020,65,0,0,305,2,Sun Apr 03 10:42:23 JST 2016
HAPPY HARDCORE,Sweet Sweet ♥ Magic,jun,ANOTHER,9th,180,10,1032,38,0,0,306,2,Sun Apr 03 10:42:23 JST 2016
TECHNO,symbolic,TaQ,ANOTHER,8th,155,10,1138,52,0,0,307,2,Sun Apr 03 10:42:23 JST 2016
EPIC ELECTRONICA,Symmetry,猫叉Master,HYPER,PEN,163,10,1082,31,0,0,308,2,Sun Apr 03 10:42:23 JST 2016
TRANCE,sync,OutPhase(TaQ/dj TAKA),ANOTHER,5th,167,10,1204,5,0,0,309,2,Sun Apr 03 10:42:23 JST 2016
LATIN EURO,SYNC-ANTHEM,Tatsh feat. 星野奏子,HYPER,tri,160～166,10,1279,57,0,0,310,2,Sun Apr 03 10:42:23 JST 2016
EUROBEAT,TA・DA ☆ YO・SHI,Y&amp;Co.,ANOTHER,PEN,160,10,1180,81,4,3,311,2,Sun Apr 03 10:42:23 JST 2016
INSTRUMENTAL,Take It Easy,Aya,HYPER,6th,205,10,1229,55,0,0,312,2,Sun Apr 03 10:42:23 JST 2016
ONLY ONE EPILOGUE,THANK YOU FOR PLAYING,SUPER STAR 満-MITSURU-,ANOTHER,EMP,45～170,10,1090,27,0,0,313,2,Sun Apr 03 10:42:23 JST 2016
GOA TRANCE,THE BLACK KNIGHT,L.E.D.,HYPER,RA,154,10,1067,23,20,0,314,2,Sun Apr 03 10:42:23 JST 2016
NU STYLE GABBA,THE DETONATOR,teranoid VS L.E.D.-G,HYPER,SPA,173,10,1284,115,0,0,315,2,Sun Apr 03 10:42:23 JST 2016
NU STYLE GABBA,THE DEEP STRIKER,L.E.D.-G,HYPER,DJT,173,10,1150,133,0,0,316,2,Sun Apr 03 10:42:23 JST 2016
SADISTIC HARDCORE,The Dirty of Loudness,Tatsh Assault X,HYPER,DD,165,10,1154,35,0,0,317,2,Sun Apr 03 10:42:23 JST 2016
TRANCE,THE DOOR INTO RAINBOW,L.E.D.,ANOTHER,RA,155,10,1123,83,18,3,318,2,Sun Apr 03 10:42:23 JST 2016
CYBORG TRANCE,The Hope of Tomorrow,Sota Fujimori,ANOTHER,RED,144,10,992,14,0,0,319,2,Sun Apr 03 10:42:23 JST 2016
CYBER PUNK,The Limbo,STN,HYPER,LC,200,10,1042,36,0,0,320,2,Sun Apr 03 10:42:23 JST 2016
WORLD HOUSE,THE SAFARI,Lion Musashi,HYPER,3rd,150,10,900,58,0,0,321,2,Sun Apr 03 10:42:23 JST 2016
EPIC TRANCE,The Story Begins,SADA &amp; Sota,ANOTHER,SIR,150,10,1232,69,0,0,322,2,Sun Apr 03 10:42:23 JST 2016
CORE POP,This is Love,D-crew feat.MAKOTO,ANOTHER,DD,175,10,1249,35,0,0,323,2,Sun Apr 03 10:42:23 JST 2016
TRANSCENDENTAL ETUDES,Thor's Hammer,ユニバーサル度胸兄弟,HYPER,tri,150,10,945,43,0,0,324,2,Sun Apr 03 10:42:23 JST 2016
DANCE SPEED,Time to Air,青龍,HYPER,DJT,191,10,1064,101,0,0,325,2,Sun Apr 03 10:42:23 JST 2016
TRANCE,Time To Empress,dj TAKA feat.wac &amp; secret K,ANOTHER,tri,148,10,1324,56,0,0,326,2,Sun Apr 03 10:42:23 JST 2016
PROGRESSIVE ROCK,Timepiece phase II,佐々木博史,HYPER,tri,287,10,1161,66,0,0,327,2,Sun Apr 03 10:42:23 JST 2016
PROGRESSIVE ROCK,Timepiece phase II (CN Ver.),佐々木博史,HYPER,tri,287,10,1008,45,61,0,328,2,Sun Apr 03 10:42:23 JST 2016
MPB,Tizona d'El Cid,TOMOSUKE,ANOTHER,SKY,265,10,1178,59,0,0,329,2,Sun Apr 03 10:42:23 JST 2016
MELODIC SPEED METAL,TOXIC VIBRATION,SOUND HOLIC Vs. T.Kakuta feat. YURiCa,HYPER,PEN,197,10,1248,31,0,0,330,2,Sun Apr 03 10:42:23 JST 2016
TRANCE,traces,TaQ,ANOTHER,7th,152,10,1083,16,0,0,331,2,Sun Apr 03 10:42:23 JST 2016
PSG WORKS,TRANOID,T&amp;S seq. factory,HYPER,GOLD,130～190,10,929,53,0,0,332,2,Sun Apr 03 10:42:23 JST 2016
TECH-TRANCE,Transport,Sota Fujimori,ANOTHER,cop,147,10,1091,96,0,6,333,2,Sun Apr 03 10:42:23 JST 2016
GABBA,tripping contact(teranoid&amp;MC Natsack Remix),kors k vs teranoid,HYPER,DD,187,10,1020,83,0,0,334,2,Sun Apr 03 10:42:23 JST 2016
ULTIMATE CORE,TROOPERS,Des-TRACT,HYPER,DJT,177,10,1216,155,0,0,335,2,Sun Apr 03 10:42:23 JST 2016
VACATION DANCE,Tropical April,Risk Junk,HYPER,RA,182,10,1174,95,0,0,336,2,Sun Apr 03 10:42:23 JST 2016
ESSENTIALLY,True Blue,dj TAKA feat.AiMEE,HYPER,tri,164,10,1291,23,0,0,337,2,Sun Apr 03 10:42:23 JST 2016
ELEMENTAL CHANT,Turii ～Panta rhei～,Zektbach,ANOTHER,EMP,148,10,1347,76,0,0,338,2,Sun Apr 03 10:42:23 JST 2016
HAPPY EURO PARADISE,Twelfth Style,Tatsh&amp;DAYBREAKERS NEXT,ANOTHER,SKY,160,10,1033,36,0,0,339,2,Sun Apr 03 10:42:23 JST 2016
PROGRESSIVE BAROQUE,Übertreffen,TAKA respect for J.S.B.,HYPER,DJT,174,10,1019,46,0,0,340,2,Sun Apr 03 10:42:23 JST 2016
CANDY RAVE,Uh-Oh,kors k,ANOTHER,cop,175,10,1228,284,0,0,341,2,Sun Apr 03 10:42:23 JST 2016
PROGRESSIVE,V,TAKA,HYPER,5th,150,10,1272,51,0,0,342,2,Sun Apr 03 10:42:23 JST 2016
PROGRESSIVE,"PROGRESSIVE"<font color="orange">[SP HYPER]<font color="yellow"></font></font> <b>V<font size="-2">2</font></b> / TAKA bpm:150 - ★10 Notes:1620,"PROGRESSIVE"<font color="orange">[SP HYPER]<font color="yellow"></font></font> <b>V<font size="-2">2</font></b> / TAKA bpm:150 - ★10 Notes:1620,HYPER,EMP,150,10,1620,57,0,0,343,2,Sun Apr 03 10:42:23 JST 2016
ART CORE,Valanga,DJ TOTTO,HYPER,tri,186,10,1126,48,29,1,344,2,Sun Apr 03 10:42:23 JST 2016
TRANCE CORE,VALLIS-NERIA,DJ YOSHITAKA,HYPER,tri,185,10,1076,71,30,1,345,2,Sun Apr 03 10:42:23 JST 2016
ELECTROSHOCK,vault of heaven,Mr.T,ANOTHER,SKY,160,10,1010,79,0,0,346,2,Sun Apr 03 10:42:23 JST 2016
HARD NRG,Verflucht,Tyrfing,HYPER,SPA,180,10,1081,14,0,0,347,2,Sun Apr 03 10:42:23 JST 2016
PSYCHE FUSION,Vermillion,Mystic Moon,ANOTHER,RA,152,10,1045,53,0,0,348,2,Sun Apr 03 10:42:23 JST 2016
GLITCH ELECTRO,Violet Pulse,G.K,ANOTHER,cop,134,10,1252,7,0,0,349,2,Sun Apr 03 10:42:23 JST 2016
ANTHEM TRANCE,Votum stellarum,iconoclasm,ANOTHER,SKY,136～147,10,1017,32,0,0,350,2,Sun Apr 03 10:42:23 JST 2016
HIP HOP,WAR GAME,ASLETICS,ANOTHER,8th,93,10,1077,198,0,0,351,2,Sun Apr 03 10:42:23 JST 2016
DANCE SPEED,waxing and wanding,青龍,HYPER,DD,191,10,997,39,0,0,352,2,Sun Apr 03 10:42:23 JST 2016
SURF&amp;DUB,WE LOVE SHONAN,Studio Bongo Mango feat. Likkle Mai,ANOTHER,RA,165,10,1106,137,0,0,353,2,Sun Apr 03 10:42:23 JST 2016
HAPPY HARDCORE,We're so Happy (P*Light Remix) IIDX ver.,Remixed by P*Light,HYPER,PEN,185,10,1187,123,0,0,354,2,Sun Apr 03 10:42:23 JST 2016
HARDCORE,Welcome,Uraken,HYPER,cop,170,10,919,63,0,0,355,2,Sun Apr 03 10:42:23 JST 2016
ETHNIC,Wheel of Journey,Vivian,ANOTHER,cop,193,10,1072,68,0,0,356,2,Sun Apr 03 10:42:23 JST 2016
LOVERS EUROBEAT,Why did you go away,jun with TAHIRIH,ANOTHER,DD,160,10,1166,67,0,0,357,2,Sun Apr 03 10:42:23 JST 2016
DUBSTEP,WOBBLE IMPACT,Sota Fujimori,ANOTHER,SPA,190,10,1253,103,0,0,358,2,Sun Apr 03 10:42:23 JST 2016
CANDY RAVE,Wuv U,kors k,ANOTHER,RA,173,10,861,79,0,0,359,2,Sun Apr 03 10:42:23 JST 2016
RETRO RAVE,X-rated,SADA,ANOTHER,GOLD,140,10,1063,43,0,0,360,2,Sun Apr 03 10:42:23 JST 2016
DANCE POP,XANADU OF TWO,T.Kakuta With Starving Trancer + 森永真由美,ANOTHER,RA,160,10,1382,45,0,0,361,2,Sun Apr 03 10:42:23 JST 2016
MEDIEVAL CHOIR,Xepher,Tatsh,HYPER,SKY,170,10,1135,46,0,0,362,2,Sun Apr 03 10:42:23 JST 2016
TERROR CORE,YAKSHA,Neulakyussra,HYPER,LC,190,10,1215,40,0,0,363,2,Sun Apr 03 10:42:23 JST 2016
TEK-TRANCE,yellow head joe,S-C-U,ANOTHER,LC,187,10,1152,47,0,0,364,2,Sun Apr 03 10:42:23 JST 2016
DRUM'N'BASS,Yellow Sunrise,xac,ANOTHER,LC,174,10,1145,23,0,0,365,2,Sun Apr 03 10:42:23 JST 2016
ONLY ONE TECHNO,You'll say "Now!",BLACK STAR 幸広-YUKIHIRO-,HYPER,EMP,155,10,962,84,0,0,366,2,Sun Apr 03 10:42:23 JST 2016
CYBER OPUS,Zenius -I- vanisher,Tatsh,ANOTHER,DD,160,10,1209,34,0,0,367,2,Sun Apr 03 10:42:23 JST 2016
ELECTROSHOCK,ZERO-ONE,Mr.T,ANOTHER,7th,160,10,1132,28,0,0,368,2,Sun Apr 03 10:42:23 JST 2016
SPACE REQUIEM,Zirkfied,iconoclasm,HYPER,tri,210,10,1055,67,0,0,369,2,Sun Apr 03 10:42:23 JST 2016
INTELLIGENCE,ZZ,D.J.Amuro,HYPER,PEN,154,10,1042,19,0,0,370,2,Sun Apr 03 10:42:23 JST 2016
SYNTHETIC PROGRESSIVE ROCK,100% minimoo-G,Sota Fujimori,HYPER,SKY,252,10,871,109,0,0,371,2,Sun Apr 03 10:42:23 JST 2016
お江戸テクノ,1st Samurai,sampling masters MEGA,HYPER,10th,175～200,10,1016,70,0,0,372,2,Sun Apr 03 10:42:23 JST 2016
GABBA,250bpm,AKIRA YAMAOKA,ANOTHER,4th,250,10,726,104,0,0,373,2,Sun Apr 03 10:42:23 JST 2016
DANCE SPEED,3y3s,青龍,HYPER,EMP,191,10,1306,81,0,0,374,2,Sun Apr 03 10:42:23 JST 2016
PIANO AMBIENT,5.1.1.,dj nagureo,ANOTHER,1st,101,10,786,161,0,0,375,2,Sun Apr 03 10:42:23 JST 2016
CHIPTUNE,8bit Princess,seiya-murai feat. ALT,ANOTHER,tri,150,10,1319,54,0,0,376,2,Sun Apr 03 10:42:23 JST 2016
ポップス,山岡晃の「クイズ！家事都合！」,AKIRA YAMAOKA feat.喜屋武ちあき,ANOTHER,EMP,148,10,1035,21,0,0,377,2,Sun Apr 03 10:42:23 JST 2016
空想ファンタジーシリーズ,少女アリスと箱庭幻想コンチェルト,DJ TOTTO,ANOTHER,cop,134,10,1095,13,68,0,378,2,Sun Apr 03 10:42:23 JST 2016
BLOOM FUSION,アルストロメリア,TAG,ANOTHER,SPA,144,10,1254,94,0,0,379,2,Sun Apr 03 10:42:23 JST 2016
HYPER J-POP,オルタネイトβ,Xceon feat. Mayumi Morinaga,ANOTHER,cop,162,10,1137,40,0,0,380,2,Sun Apr 03 10:42:23 JST 2016
DRUM'N'WALTZ,妖隠し -あやかしかくし-,DJ TOTTO feat.3L,ANOTHER,PEN,85,10,1103,41,0,0,381,2,Sun Apr 03 10:42:23 JST 2016
A-STYLE DRUMSTEP,ベィスドロップ・フリークス,かめりあ feat. ななひら,ANOTHER,PEN,179,10,1143,102,1,2,382,2,Sun Apr 03 10:42:23 JST 2016
HAPPY HARDCORE,ビューティフルレシート,Lucky Vacuum,ANOTHER,LC,196,10,978,76,0,0,383,2,Sun Apr 03 10:42:23 JST 2016
PROGRESSIVE,子供の落書き帳,佐々木博史,HYPER,LC,280,10,1018,36,0,0,384,2,Sun Apr 03 10:42:23 JST 2016
HAPPY HARDCORE,中華急行,Ryu☆,ANOTHER,RA,171,10,1167,48,0,0,385,2,Sun Apr 03 10:42:23 JST 2016
乙女EDM,超!!遠距離らぶ♥メ～ル,ななひら,ANOTHER,SPA,130,10,1352,62,0,0,386,2,Sun Apr 03 10:42:23 JST 2016
FUTURE POP,クルクル☆ラブ ～Opioid Peptide MIX～,イオンチャンネル,ANOTHER,GOLD,185,10,1144,33,0,0,387,2,Sun Apr 03 10:42:23 JST 2016
BLOOM FUSION,デンドロビウム,TAG,ANOTHER,PEN,110～144,10,1205,52,5,0,388,2,Sun Apr 03 10:42:23 JST 2016
HARD SYMPHONIC,煉獄のエルフェリア,猫叉Master+,HYPER,SPA,183,10,1222,60,0,0,389,2,Sun Apr 03 10:42:23 JST 2016
ROMANTIC SCHOOL VARIATIONS,ΕΛΠΙΣ,dj TAKA,HYPER,tri,175,10,1075,33,0,0,390,2,Sun Apr 03 10:42:23 JST 2016
ROCK,フェイクアウト,Last Note. feat.mirin,ANOTHER,PEN,215,10,1040,65,0,0,391,2,Sun Apr 03 10:42:23 JST 2016
NU-NRG,電人、暁に斃れる。,L.E.D.-G,HYPER,GOLD,165,10,1255,76,0,0,392,2,Sun Apr 03 10:42:23 JST 2016
J-EUROBEAT,月光,Tatsh feat. 星野奏子,ANOTHER,SKY,155,10,1246,85,0,0,393,2,Sun Apr 03 10:42:23 JST 2016
J-POP,幻想系世界修復少女,Last Note.,ANOTHER,SPA,193,10,1010,63,0,0,394,2,Sun Apr 03 10:42:23 JST 2016
HYPER JAPANESQUE 2,華爛漫 -Flowers-,TЁЯRA,ANOTHER,DJT,160,10,1029,53,0,0,395,2,Sun Apr 03 10:42:23 JST 2016
J-HAPPY HARDCORE,ヒマワリ,小坂りゆ,ANOTHER,SKY,185,10,1042,81,0,0,396,2,Sun Apr 03 10:42:23 JST 2016
お米タル,お米の美味しい炊き方、そしてお米を食べることによるその効果。,大日本鉄倶楽部【あさき＆96】,ANOTHER,tri,190,10,1122,109,0,0,397,2,Sun Apr 03 10:42:23 JST 2016
野球のことがよくわかる,野球の遊び方 そしてその歴史 ～決定版～,あさき大監督,ANOTHER,SPA,141,10,1159,87,0,0,398,2,Sun Apr 03 10:42:23 JST 2016
Hi-FUNK BREAKS,表裏一体!?怪盗いいんちょの悩み♥,◇◆噂の怪盗少女 ぷらずま★彡Prim◇◆,HYPER,PEN,165,10,1127,114,0,0,399,2,Sun Apr 03 10:42:23 JST 2016
HYPER J-POP,十六夜セツナ,Xceon feat. Mayumi Morinaga,ANOTHER,PEN,160,10,1132,80,36,0,400,2,Sun Apr 03 10:42:23 JST 2016
ASIAN MIXTURE,華蝶風雪,白虎,HYPER,DD,199,10,1064,43,0,0,401,2,Sun Apr 03 10:42:23 JST 2016
ORCHESTRAL,革命,dj TAKA with NAOKI,HYPER,7th,83～148,10,1004,45,0,0,402,2,Sun Apr 03 10:42:23 JST 2016
ORCHESTRAL,革命,dj TAKA with NAOKI,ANOTHER,7th,83～148,10,1183,45,0,0,403,2,Sun Apr 03 10:42:23 JST 2016
POST RENAISSANCE,少年A,Remixed by 少年ラジオ,HYPER,DJT,90～192,10,1144,36,0,0,404,2,Sun Apr 03 10:42:23 JST 2016
Hi-GOTH,狂イ咲ケ焔ノ華,覚醒ノPrim,HYPER,tri,206,10,1269,53,0,0,405,2,Sun Apr 03 10:42:23 JST 2016
Hi-ν BLEEP,キャトられ♥恋はモ～モク,ギュ～っとしたい♥Prim,HYPER,tri,196,10,1359,51,0,0,406,2,Sun Apr 03 10:42:23 JST 2016
ASTRAL DRUM &amp; BASS,共鳴遊戯の華,アイテール魔導士隊,HYPER,PEN,190,10,1296,44,9,0,407,2,Sun Apr 03 10:42:23 JST 2016
ORIENTAL CORE,疾風迅雷,KUMOKIRI,HYPER,SPA,180,10,1078,31,0,0,408,2,Sun Apr 03 10:42:23 JST 2016
OLDSTYLE GAMEMUSIC,リリーゼと炎龍レーヴァテイン,黒猫ダンジョン,HYPER,PEN,200,10,1186,64,22,0,409,2,Sun Apr 03 10:42:23 JST 2016
HUMAN SEQUENCER,冥,Amuro vs Killer,HYPER,SKY,66～200,10,1111,61,0,0,410,2,Sun Apr 03 10:42:23 JST 2016
CYBER SYMPHONIC POP,メイメツ、フラグメンツ,中山真斗(Elements Garden)feat.桜川めぐ,ANOTHER,tri,157,10,984,51,0,0,411,2,Sun Apr 03 10:42:23 JST 2016
電波デステクノ,めいさいアイドル☆あいむちゃん♪,DJ SHARPNEL feat. みらい,HYPER,cop,160,10,1202,52,0,0,412,2,Sun Apr 03 10:42:23 JST 2016
FUSION,ミラージュ･レジデンス,Jimmy Weckl,ANOTHER,DJT,144,10,1345,99,0,0,413,2,Sun Apr 03 10:42:23 JST 2016
HAPPY SUMMER CORE,夏色DIARY - L.E.D.-G STYLE MIX -,猫叉王子 feat. L.E.D.-G,HYPER,PEN,190,10,1031,80,29,0,414,2,Sun Apr 03 10:42:23 JST 2016
J-POP,星をこの手に,DJ YOSHITAKA feat.星野奏子,ANOTHER,GOLD,165,10,1099,95,0,0,415,2,Sun Apr 03 10:42:23 JST 2016
FASCINATION,朧,HHH×MM×ST,ANOTHER,tri,149,10,1060,44,0,0,416,2,Sun Apr 03 10:42:23 JST 2016
CYBER SYMPHONIC POP,お願いアインシュタイン,中山真斗 feat. 桜川めぐ,ANOTHER,SPA,143,10,1066,43,0,0,417,2,Sun Apr 03 10:42:23 JST 2016
SILENT,音楽,弁士カンタビレオ,HYPER,tri,210～360,10,1038,12,0,0,418,2,Sun Apr 03 10:42:23 JST 2016
FUNK,オレはビートマニア！お前は何マニア？,DANCE☆MAN,ANOTHER,SKY,123,10,873,117,0,0,419,2,Sun Apr 03 10:42:23 JST 2016
RAGE AGAINST EMPRESS,天空脳番長危機十六連打,D.J.SETUP,HYPER,EMP,150,10,1115,62,0,0,420,2,Sun Apr 03 10:42:23 JST 2016
LUCKY TECHNO,ラキラキ,Mutsuhiko Izumi &amp; S-C-U,ANOTHER,tri,165,10,1001,43,0,0,421,2,Sun Apr 03 10:42:23 JST 2016
EURO TRANCE,リグレット,星野奏子,ANOTHER,GOLD,155,10,1223,72,0,0,422,2,Sun Apr 03 10:42:23 JST 2016
撫子ロック,凛として咲く花の如く,紅色リトマス,ANOTHER,EMP,163,10,1398,32,0,0,423,2,Sun Apr 03 10:42:23 JST 2016
電波,突撃！ガラスのニーソ姫！,山本椛(monotone),ANOTHER,LC,185,10,1066,77,9,1,424,2,Sun Apr 03 10:42:23 JST 2016
SPIRITUAL,桜,Reven-G,HYPER,8th,13～320,10,819,78,0,0,425,2,Sun Apr 03 10:42:23 JST 2016
TOY CONTEMPORARY,シュレーディンガーの猫,Cait Sith,HYPER,tri,187,10,1231,4,0,0,426,2,Sun Apr 03 10:42:23 JST 2016
BATTLE TRACK,聖人の塔,Beridzebeth,HYPER,LC,97～194,10,1076,25,0,0,427,2,Sun Apr 03 10:42:23 JST 2016
JUVENILE DRUM &amp; BASS,旋律のドグマ～Misérables～,楓璃夢＝ジークフリード＝ファイエルローゼン,HYPER,SPA,192,10,1271,51,0,4,428,2,Sun Apr 03 10:42:23 JST 2016
HARD HOUSE,雪月花,Ryu☆,HYPER,10th,151,10,979,82,0,0,429,2,Sun Apr 03 10:42:23 JST 2016
BROKEN SAMBA BREAK,灼熱Beach Side Bunny,DJ Mass MAD Izm*,HYPER,RA,153,10,1025,418,0,0,430,2,Sun Apr 03 10:42:23 JST 2016
新世紀進歩的羽扇子音楽,真 地獄超特急 -HELL or HELL-,DJ TECHNORCH Vs. L.E.D.Light-G,HYPER,cop,165,10,1123,100,100,1,431,2,Sun Apr 03 10:42:23 JST 2016
ムラクモ,少年は空を辿る,Power Of Nature,HYPER,PEN,140,10,1081,61,2,0,432,2,Sun Apr 03 10:42:23 JST 2016
AKIBA-POP,即席！脳直★ミュージックシステム,MOSAIC.WAV,HYPER,tri,197,10,1032,140,0,0,433,2,Sun Apr 03 10:42:23 JST 2016
Hi-歌謡コア,それは花火のような恋,夏色バーニングラブ☆Prim,HYPER,PEN,182,10,1321,126,0,0,434,2,Sun Apr 03 10:42:23 JST 2016
GLITCH JAZZ,星屑ディスタンシア,ARM feat. 普透明度 + Brasscapsule,ANOTHER,cop,110,10,1073,70,0,0,435,2,Sun Apr 03 10:42:23 JST 2016
WORLD/ELECTRONICA,水上の提督(Short mix from "幻想水滸伝V"),猫叉Master,ANOTHER,SIR,140,10,1073,27,0,0,436,2,Sun Apr 03 10:42:23 JST 2016
NEO CLASSICAL DANCE,衰色小町メランコリア,iNO,ANOTHER,LC,139,10,1192,69,0,0,437,2,Sun Apr 03 10:42:23 JST 2016
FUTURE E-POP,追想快晴テーマパーク,PHQUASE,HYPER,cop,170,10,1077,47,0,0,438,2,Sun Apr 03 10:42:23 JST 2016
KANA-POP,シュッパツシンコウ・シサカンコ,星野奏子,ANOTHER,cop,182,10,1234,29,0,0,439,2,Sun Apr 03 10:42:23 JST 2016
PROGRESSIVE,たまゆら,佐々木博史,HYPER,tri,180,10,960,66,0,0,440,2,Sun Apr 03 10:42:23 JST 2016
IRON CONCERTO,鉄甲乙女 -under the steel-,Seiya Murai,ANOTHER,EMP,160,10,1098,31,0,0,441,2,Sun Apr 03 10:42:23 JST 2016
ANTHEM,天空の夜明け,Cuvelia,HYPER,LC,150,10,1125,35,0,0,442,2,Sun Apr 03 10:42:23 JST 2016
ベースボールヒロイン,轟け！恋のビーンボール！！,ダイナミック野球兄弟 v.s. クロスファイヤーPrim,HYPER,SPA,180,10,1012,77,0,0,443,2,Sun Apr 03 10:42:23 JST 2016
HYPER J-POP,取り残された美術 (Arranged:HiZuMi),幽閉サテライト feat. senya,ANOTHER,PEN,160,10,1111,71,0,0,444,2,Sun Apr 03 10:42:23 JST 2016
HYPER J-POP,罪と罰,Xceon feat.Mayumi Morinaga,ANOTHER,SPA,144,10,1096,39,0,0,445,2,Sun Apr 03 10:42:23 JST 2016
新世紀進歩的羽扇子音楽,廿,DJ TECHNORCH,ANOTHER,SPA,120～160,10,1215,166,0,0,446,2,Sun Apr 03 10:42:23 JST 2016
想歌 梅,梅雪夜,Qrispy Joybox feat.mao,ANOTHER,tri,167,10,1081,56,0,0,447,2,Sun Apr 03 10:42:23 JST 2016
VALSE,ワルツ第17番 ト短調"大犬のワルツ",virkato,HYPER,SIR,220～310,10,1214,0,0,0,448,2,Sun Apr 03 10:42:23 JST 2016
HYDRO CORE,海神,兎々,HYPER,SPA,159,10,1084,56,32,0,449,2,Sun Apr 03 10:42:23 JST 2016
DRUM'N'ROCK,罠,good-cool,ANOTHER,DD,180,10,1231,110,0,0,450,2,Sun Apr 03 10:42:23 JST 2016
HARD DANCE,Acid Pumper,ni-21,ANOTHER,cop,150,11,1267,73,120,5,1,2,Sun Apr 03 10:42:23 JST 2016
TECHNO,Aegis,IT medalion,ANOTHER,RA,162,11,1202,104,20,0,2,2,Sun Apr 03 10:42:23 JST 2016
AFRO-SAMBA,AFRO KNUCKLE,猫叉Master+,ANOTHER,PEN,145,11,1226,99,0,0,3,2,Sun Apr 03 10:42:23 JST 2016
SPEEDCORE,AIR RAID FROM THA UNDAGROUND,GUHROOVY,ANOTHER,SIR,180,11,1189,23,0,0,4,2,Sun Apr 03 10:42:23 JST 2016
HYPER GOTHIC BEAT,ALBA -黎明-,SOUND HOLIC feat. Nana Takahashi,ANOTHER,SPA,165,11,1631,89,27,1,5,2,Sun Apr 03 10:42:23 JST 2016
INDUSTRIAL METAL,All is Wrecked,Destron,ANOTHER,SPA,170,11,1289,47,0,0,6,2,Sun Apr 03 10:42:23 JST 2016
ONLY ONE EURO BEAT,ALL MY TURN -このターンに、オレの全てを賭ける-,SUPER STAR 満-MITSURU-,ANOTHER,EMP,170,11,1314,66,0,0,7,2,Sun Apr 03 10:42:23 JST 2016
AKASHIC RECORDS,Almagest,Galdeira,HYPER,SIR,178,11,1146,63,16,2,8,2,Sun Apr 03 10:42:23 JST 2016
AKASHIC RECORDS,Almagest (HCN Ver.),Galdeira,HYPER,SIR,178,11,1146,63,16,2,9,2,Sun Apr 03 10:42:23 JST 2016
ART CORE,Amnolys,onoken,ANOTHER,PEN,140～180,11,1354,54,0,0,10,2,Sun Apr 03 10:42:23 JST 2016
PSYCHEDELIC GOA TRANCE,ANDROMEDA,Sota Fujimori,ANOTHER,RED,150,11,1446,26,0,0,11,2,Sun Apr 03 10:42:23 JST 2016
HARD RENAISSANCE,Anisakis -somatic mutation type "Forza"-,朱雀,ANOTHER,DJT,185,11,1443,86,0,0,12,2,Sun Apr 03 10:42:23 JST 2016
LATIN TEK,ANTHEM LANDING,DJ ムラサメ,ANOTHER,RA,151,11,1484,28,0,0,13,2,Sun Apr 03 10:42:23 JST 2016
ARABIC HARDCORE,Arabian Rave Night,dj MAX STEROID,ANOTHER,EMP,180,11,1504,50,0,0,14,2,Sun Apr 03 10:42:23 JST 2016
NEUTRONIKA,Atröpøs,sasakure.UK,ANOTHER,SPA,182,11,1201,128,0,0,15,2,Sun Apr 03 10:42:23 JST 2016
POST J-TRADITIONAL,Aublia,onoken feat. ALIAKE,ANOTHER,cop,156,11,1299,59,33,0,16,2,Sun Apr 03 10:42:23 JST 2016
TRANCE CORE,Aurora,Ryu☆,ANOTHER,SKY,181,11,1280,62,0,0,17,2,Sun Apr 03 10:42:23 JST 2016
RECKLESS RAVE,B4U(BEMANI FOR YOU MIX),Remixed by DJ YOSHITAKA with Michael a la mode,ANOTHER,EMP,170,11,1810,116,0,0,18,2,Sun Apr 03 10:42:23 JST 2016
HARD DANCE,Battle Train -IIDX Edition-,Sota Fujimori,ANOTHER,cop,160,11,1687,44,0,0,19,2,Sun Apr 03 10:42:23 JST 2016
HARD DANCE,Be quiet,Ryu☆,ANOTHER,RED,150,11,1114,90,0,0,20,2,Sun Apr 03 10:42:23 JST 2016
SPEEDCORE,Beastie Starter,GUHROOVY,ANOTHER,tri,190,11,1121,90,0,0,21,2,Sun Apr 03 10:42:23 JST 2016
HARDCORE,Believe In Me,Uraken feat. Calyn Tsukishima,ANOTHER,RA,170,11,1213,56,0,0,22,2,Sun Apr 03 10:42:23 JST 2016
WORLD/ELECTRONICA,Beyond The Earth,猫叉Master,ANOTHER,PEN,140,11,1646,132,0,0,23,2,Sun Apr 03 10:42:23 JST 2016
EUROBEAT,Blame,good-cool feat. Jeff Coote,ANOTHER,8th,155,11,980,34,0,0,24,2,Sun Apr 03 10:42:23 JST 2016
HARDCORE RAVE,Blaze it UP!,DJ Shimamura,ANOTHER,PEN,175,11,1501,110,5,0,25,2,Sun Apr 03 10:42:23 JST 2016
EPIC POETRY,"Blind Justice ～Torn souls, Hurt Faiths～",Zektbach,ANOTHER,GOLD,137～165,11,1245,30,0,0,26,2,Sun Apr 03 10:42:23 JST 2016
TRANCE,BLOCKS,SPARKER,ANOTHER,RED,141,11,1000,23,0,0,27,2,Sun Apr 03 10:42:23 JST 2016
HAPPY HARDCORE,bloomin' feeling,Ryu☆,ANOTHER,SIR,181,11,1313,73,23,0,28,2,Sun Apr 03 10:42:23 JST 2016
TRANCE,Blue Rain,dj TAKA VS Ryu☆,ANOTHER,DJT,144,11,1149,35,0,0,29,2,Sun Apr 03 10:42:23 JST 2016
DANCEHALL,Bounce Bounce Bounce,kors k feat.Kanata Okajima＆楽天斎,ANOTHER,RA,116,11,1293,171,0,0,30,2,Sun Apr 03 10:42:23 JST 2016
TRANCECORE MEETS GABBA,BRAINSTORM,Hardcore United Tokyo(teranoid &amp; DJ TECHNORCH),ANOTHER,SPA,180,11,1449,188,0,0,31,2,Sun Apr 03 10:42:23 JST 2016
J-CORE,"Breaking Dawn feat. NO+CHIN, AYANO",GUHROOVY,ANOTHER,tri,186,11,1544,77,0,0,32,2,Sun Apr 03 10:42:23 JST 2016
TRANCE,Broadbanded,SADA,ANOTHER,DD,140,11,1019,44,0,0,33,2,Sun Apr 03 10:42:23 JST 2016
SYMPHONIC-TEK,BROKEN EDEN,MYTHOLOGIA by MLREC.,ANOTHER,RA,162,11,1182,52,0,0,34,2,Sun Apr 03 10:42:23 JST 2016
NOSTALISH REQUIEM,CaptivAte～浄化～,A/I,ANOTHER,SKY,160,11,1243,118,0,0,35,2,Sun Apr 03 10:42:23 JST 2016
NOSTALISH REQUIEM,CaptivAte2 ～覚醒～,e-lma,ANOTHER,EMP,175,11,1221,57,0,0,36,2,Sun Apr 03 10:42:23 JST 2016
DANCE SPEED,Castle on the Moon,青龍,ANOTHER,LC,191,11,1231,82,0,0,37,2,Sun Apr 03 10:42:23 JST 2016
HARD STEP,chaos eater -IIDX edition-,猫叉Master+,ANOTHER,cop,210,11,1328,102,0,0,38,2,Sun Apr 03 10:42:23 JST 2016
HIP HOP,CHECKING YOU OUT,good-cool feat. JP Miles,ANOTHER,4th,108～216,11,700,205,0,0,39,2,Sun Apr 03 10:42:23 JST 2016
CYBER DRUM'N'BASS,CHRONO DIVER -NORNIR-,L.E.D.,ANOTHER,PEN,185,11,1568,49,0,0,40,2,Sun Apr 03 10:42:23 JST 2016
CHRONO BREAKS,Chrono Diver -PENDULUMs-,猫叉L.E.D.Master+,HYPER,PEN,196,11,1422,67,0,0,41,2,Sun Apr 03 10:42:23 JST 2016
PROGRESSIVE,Chronos,TAG,ANOTHER,PEN,128,11,1205,92,45,1,42,2,Sun Apr 03 10:42:23 JST 2016
PHARAO BEAM STEP,Cleopatrysm,ピラミッ℃,ANOTHER,SPA,190,11,1326,90,0,0,43,2,Sun Apr 03 10:42:23 JST 2016
CLICK HOUSE,Click Again,dj REMO-CON,ANOTHER,RED,137,11,1097,120,0,0,44,2,Sun Apr 03 10:42:23 JST 2016
DUTCH TRANCE,Clione†,kors k,ANOTHER,4th,148,11,1102,22,72,0,45,2,Sun Apr 03 10:42:23 JST 2016
LOST GROUND,COLOSSEUM,劇団レコード,ANOTHER,PEN,140,11,1159,53,0,0,46,2,Sun Apr 03 10:42:23 JST 2016
HARD REVOLUTION,CONCEPTUAL,Sota Fujimori 2nd Season,ANOTHER,tri,198,11,1391,69,0,0,47,2,Sun Apr 03 10:42:23 JST 2016
SUBLIME TECHNO,CONTRACT,朱雀,ANOTHER,DD,180,11,1056,82,0,0,48,2,Sun Apr 03 10:42:23 JST 2016
BREAK CORE,Cookie Bouquets,L.E.D. vs TOMOSUKE fw.crimm,ANOTHER,tri,205,11,1714,79,0,0,49,2,Sun Apr 03 10:42:23 JST 2016
FUTURE BASS,Cosmic Cat,8bit Moonside,ANOTHER,PEN,160,11,1166,99,0,0,50,2,Sun Apr 03 10:42:23 JST 2016
DANCE SPEED,Critical Crystal,青龍,ANOTHER,SPA,191,11,1495,108,31,0,51,2,Sun Apr 03 10:42:23 JST 2016
NEXT SKOOL BREAKBEATS HARDCORE,D,Eagle,ANOTHER,SIR,30～240,11,1313,88,3,0,52,2,Sun Apr 03 10:42:23 JST 2016
TECHNO,D.C.fish,DJ MURASAME,ANOTHER,DD,155,11,1178,36,0,0,53,2,Sun Apr 03 10:42:23 JST 2016
MASSIVE DANCE SPEED,Dark Fall,黒龍,ANOTHER,SPA,202,11,1416,80,48,0,54,2,Sun Apr 03 10:42:23 JST 2016
DRUM &amp; BASS,DAWN -THE NEXT ENDEAVOUR-,L.E.D. fw.堀澤麻衣子,ANOTHER,SIR,183,11,1577,28,0,0,55,2,Sun Apr 03 10:42:23 JST 2016
ETHNO HARDCORE,Debtty Daddy,sampling masters AYA,ANOTHER,10th,155,11,1371,121,0,0,56,2,Sun Apr 03 10:42:23 JST 2016
HARD DANCE,Derelict Star feat. Ryu*,Remo-con,ANOTHER,cop,150,11,1336,112,16,0,57,2,Sun Apr 03 10:42:23 JST 2016
UK HARDCORE,DESIRE,M-Project fw. GUHROOVY,ANOTHER,SIR,175,11,1446,86,0,0,58,2,Sun Apr 03 10:42:23 JST 2016
ELECTRIC STEP,Destiny Sword,CAPACITY GATE,ANOTHER,RA,155,11,1213,83,0,0,59,2,Sun Apr 03 10:42:23 JST 2016
SYMPHONIC BREAK BEATS,Devilz Sacrifice -贖罪の羊-,OSTER project,ANOTHER,SPA,175,11,1265,55,4,0,60,2,Sun Apr 03 10:42:23 JST 2016
GLITCH HOP,diagram,Expander,ANOTHER,SPA,112,11,1461,130,0,0,61,2,Sun Apr 03 10:42:23 JST 2016
TECH-BREAKBEATS,Digitank System,DJ Mass MAD Izm*,ANOTHER,DJT,128,11,1096,264,0,0,62,2,Sun Apr 03 10:42:23 JST 2016
Hi-TECH PSYTRANCE,Discloze,lapix,ANOTHER,PEN,128～145,11,1365,99,14,5,63,2,Sun Apr 03 10:42:23 JST 2016
N-BEATS,Do it!! Do it!!,Kraken,ANOTHER,DJT,300,11,987,131,0,0,64,2,Sun Apr 03 10:42:23 JST 2016
WHITE SEQUENCE,DROP,dj TAKA feat.Kanako Hoshino,ANOTHER,SIR,152,11,1337,54,0,0,65,2,Sun Apr 03 10:42:23 JST 2016
UK HARDCORE,Elektrick U-Phoria,DJ Noriken,ANOTHER,SPA,180,11,1566,108,0,0,66,2,Sun Apr 03 10:42:23 JST 2016
TRANCE CORE,Elisha,DJ YOSHITAKA,ANOTHER,SIR,185,11,1152,33,78,4,67,2,Sun Apr 03 10:42:23 JST 2016
CYBERPUNK,Empire State Glory,Dirty Androids,ANOTHER,SIR,173,11,1329,61,0,0,68,2,Sun Apr 03 10:42:23 JST 2016
HARDCORE,Energy Drive,kevin energy,ANOTHER,RA,170,11,1122,36,33,3,69,2,Sun Apr 03 10:42:23 JST 2016
HAPPY SAD CORE,Engraved Mark,Ryu☆∞Des-ROW,ANOTHER,SPA,188,11,1222,141,0,0,70,2,Sun Apr 03 10:42:23 JST 2016
FALLIN APART CORE,Erosion Mark,kors k REASM Des-ROW,ANOTHER,PEN,192,11,1096,75,0,0,71,2,Sun Apr 03 10:42:23 JST 2016
HARD RENAISSANCE,Evans -prototype-,DJ YOSHITAKA,HYPER,SIR,185,11,1121,114,0,0,72,2,Sun Apr 03 10:42:23 JST 2016
VACATION DANCE,examination leave,dj razzle dazzle,ANOTHER,tri,180,11,1712,46,0,0,73,2,Sun Apr 03 10:42:23 JST 2016
TECHNO,EXTREME MACH COLLIDER,L.E.D.,ANOTHER,SPA,148,11,1305,120,0,6,74,2,Sun Apr 03 10:42:23 JST 2016
HARD ROCK,FAKE TIME,dj REMO-CON,HYPER,RED,200,11,916,55,0,0,75,2,Sun Apr 03 10:42:23 JST 2016
SuperNOVA BEAT,Fascination MAXX,100-200-400,HYPER,GOLD,100～400,11,876,31,0,0,76,2,Sun Apr 03 10:42:23 JST 2016
TRANCE CORE,FLOWER,DJ YOSHITAKA,ANOTHER,tri,173,11,1460,89,19,4,77,2,Sun Apr 03 10:42:23 JST 2016
JUNGLE,four pieces of heaven,Lion,ANOTHER,DJT,125～195,11,1225,93,0,0,78,2,Sun Apr 03 10:42:23 JST 2016
JAG GLITCH,Funny shuffle,猫叉Master+,ANOTHER,SPA,115,11,1199,131,0,0,79,2,Sun Apr 03 10:42:23 JST 2016
DRUM'N'BASS,G2,Aya,ANOTHER,6th,170,11,1188,52,0,0,80,2,Sun Apr 03 10:42:23 JST 2016
HARDCORE TECHNO,GALGALIM,L.E.D.,ANOTHER,SIR,165,11,1208,113,0,0,81,2,Sun Apr 03 10:42:23 JST 2016
ESOTELIC SLOWCORE,Ganymede,玄武,ANOTHER,DD,72～82,11,1199,44,0,0,82,2,Sun Apr 03 10:42:23 JST 2016
DRUM'N'BASS,GENOCIDE,dj Killer,ANOTHER,RED,175,11,1222,59,0,0,83,2,Sun Apr 03 10:42:23 JST 2016
HARDCORE RAVE,GET READY!!,DJ Shimamura,ANOTHER,cop,88～175,11,1365,85,26,1,84,2,Sun Apr 03 10:42:23 JST 2016
PSYCHEDELIC TECHNO,Giudecca,D.J.SETUP,ANOTHER,8th,155,11,1381,71,0,0,85,2,Sun Apr 03 10:42:23 JST 2016
CANTERBURY&amp;BEAT,GOBBLE,Kimitaka Matsumae,ANOTHER,cop,160,11,866,48,0,0,86,2,Sun Apr 03 10:42:23 JST 2016
RECKLESS RAVE,GOLD RUSH,DJ YOSHITAKA-G feat.Michael a la mode,ANOTHER,GOLD,162,11,1199,89,0,0,87,2,Sun Apr 03 10:42:23 JST 2016
NU DISCO,Golden Palms†,Dirty Androids,ANOTHER,RA,130,11,1240,90,123,8,88,2,Sun Apr 03 10:42:23 JST 2016
GIRL ROCK,Halfway of promise,Yu Takami feat. Shihori Nakane,ANOTHER,8th,140,11,940,208,0,0,89,2,Sun Apr 03 10:42:23 JST 2016
PROGRESSIVE HOUSE,Harmony and Lovely,Ryu☆,ANOTHER,DD,135,11,1127,9,0,0,90,2,Sun Apr 03 10:42:23 JST 2016
GABBAH,HELL SCAPER -Last Escape Remix-,Remixed by DJ TECHNORCH fw.GUHROOVY,ANOTHER,PEN,180,11,1458,156,0,0,91,2,Sun Apr 03 10:42:23 JST 2016
HAPPY HARDCORE,Hello Happiness,P*Light feat. mow*2,ANOTHER,PEN,182,11,1198,146,0,0,92,2,Sun Apr 03 10:42:23 JST 2016
HARD TECHNO,Holic,TaQ,ANOTHER,3rd,155,11,880,34,0,0,93,2,Sun Apr 03 10:42:23 JST 2016
BIG BEAT,HYENA,Hommarju,ANOTHER,SPA,178,11,1434,124,0,0,94,2,Sun Apr 03 10:42:23 JST 2016
MORNING FULL ON,HYPERION,L.E.D.,ANOTHER,EMP,150,11,1385,59,0,0,95,2,Sun Apr 03 10:42:23 JST 2016
ONLY ONE MOMENT,I will be back -オレは帰ってきた-,SUPER STAR 満-MITSURU-,ANOTHER,SPA,172,11,1492,42,0,3,96,2,Sun Apr 03 10:42:23 JST 2016
HAPPY HARDCORE,I'm so Happy,Ryu☆,ANOTHER,LC,181,11,1187,110,0,0,97,2,Sun Apr 03 10:42:23 JST 2016
ORBITALIC CORE,Illegal Function Call,U1-ASAMi,ANOTHER,tri,260,11,1398,60,0,0,98,2,Sun Apr 03 10:42:23 JST 2016
PROGRESSIVE ROCK,In the Blackest Den,Bulluvegola,ANOTHER,LC,177,11,1372,125,0,0,99,2,Sun Apr 03 10:42:23 JST 2016
HAPPY HARDCORE,in the Sky,Ryu☆,ANOTHER,DJT,180,11,1279,74,0,0,100,2,Sun Apr 03 10:42:23 JST 2016
TRANCE,INAZUMA,dj TAKA,ANOTHER,SKY,148,11,1368,35,0,0,101,2,Sun Apr 03 10:42:23 JST 2016
HiTECH FULLON,Inner Spirit,lapix,ANOTHER,cop,146,11,1458,122,0,0,102,2,Sun Apr 03 10:42:23 JST 2016
MILLENNIUM TRANCE,INORI,dj TAKA feat.HAL,ANOTHER,GOLD,146,11,1614,31,0,0,103,2,Sun Apr 03 10:42:23 JST 2016
Hi-TECH FULL ON,Insane Techniques,kors k,ANOTHER,SPA,146,11,1263,173,0,0,104,2,Sun Apr 03 10:42:23 JST 2016
NU SKOOL BREAKS,Just a Little Smile,Sota Fujimori,ANOTHER,EMP,136,11,1272,256,0,0,105,2,Sun Apr 03 10:42:23 JST 2016
ENERGETIC HAWAIIAN TRANCE,Kailua,kors k,ANOTHER,RA,146,11,1125,47,140,0,106,2,Sun Apr 03 10:42:23 JST 2016
ENERGETIC HAWAIIAN TRANCE,Kailua (HCN Ver.),kors k,ANOTHER,RA,146,11,1125,47,140,0,107,2,Sun Apr 03 10:42:23 JST 2016
FREEFORM HARDCORE,KAMAITACHI,DJ TECHNORCH fw. GUHROOVY,ANOTHER,GOLD,165,11,1368,78,0,0,108,2,Sun Apr 03 10:42:23 JST 2016
BEAT ROCK,KEY,colors,ANOTHER,RED,212,11,1436,35,0,0,109,2,Sun Apr 03 10:42:23 JST 2016
PROGRESSIVE GOSPEL,KHAMEN BREAK,くふおー,ANOTHER,SPA,180,11,1281,111,0,2,110,2,Sun Apr 03 10:42:23 JST 2016
ASIAN JANGLE,Kung-fu Empire,飛燕流舞,ANOTHER,EMP,177,11,1657,76,0,0,111,2,Sun Apr 03 10:42:23 JST 2016
DRUM'N'BASS,LA FESTA LA VITA!!,GUHROOVY,ANOTHER,SPA,180,11,1461,221,0,0,112,2,Sun Apr 03 10:42:23 JST 2016
NU-SKOOL BREAKS,LASER CRUSTER,L.E.D.,HYPER,GOLD,152,11,1250,73,0,0,113,2,Sun Apr 03 10:42:23 JST 2016
UK HARDCORE,Let The Track Flow,Brisk &amp; Ham,ANOTHER,RA,175,11,1367,47,0,0,114,2,Sun Apr 03 10:42:23 JST 2016
HAPPY HARDCORE,Light and Cyber…,Tatsh,ANOTHER,tri,181,11,1579,50,0,0,115,2,Sun Apr 03 10:42:23 JST 2016
TRANCE POP,Lighting Shower,TAG,ANOTHER,SPA,162,11,1220,78,0,0,116,2,Sun Apr 03 10:42:23 JST 2016
ELECTRO TECH,Line 4 Ruin,Ryu☆,ANOTHER,PEN,141,11,1402,51,0,0,117,2,Sun Apr 03 10:42:23 JST 2016
LOUNGE POP,Linus,LEGO STUDIO,ANOTHER,6th,160～176,11,1105,39,0,0,118,2,Sun Apr 03 10:42:23 JST 2016
PUNK OPERA,Little Little Princess,SHRINE 418,ANOTHER,SKY,180～212,11,1420,73,0,0,119,2,Sun Apr 03 10:42:23 JST 2016
TRANCE,Love Is Eternity,kors k,ANOTHER,10th,140,11,1215,42,0,0,120,2,Sun Apr 03 10:42:23 JST 2016
DANCE POP,Lucy,ELE BLOCK,ANOTHER,10th,156,11,1167,47,0,0,121,2,Sun Apr 03 10:42:23 JST 2016
TOKYO STYLE SPEEDCORE,m1dy Deluxe,m1dy,ANOTHER,SPA,205,11,1342,155,0,0,122,2,Sun Apr 03 10:42:23 JST 2016
TOKYO STYLE SPEEDCORE,m1dy Dynamic,m1dy,ANOTHER,cop,185,11,1179,95,30,1,123,2,Sun Apr 03 10:42:23 JST 2016
TOKYO STYLE SPEEDCORE,m1dy Festival,m1dy,ANOTHER,PEN,225,11,1289,149,0,0,124,2,Sun Apr 03 10:42:23 JST 2016
HAPPY CORE,MAGIC &amp; LOVE,DJ Genki feat. Yukacco,ANOTHER,SPA,185,11,1481,118,0,0,125,2,Sun Apr 03 10:42:23 JST 2016
宮廷円舞曲,Marie Antoinette,Marguerite du Pré,ANOTHER,EMP,205～248,11,1312,67,0,0,126,2,Sun Apr 03 10:42:23 JST 2016
IRREGULAR HI-BREAK,MENDES,Humanoid,HYPER,DJT,168,11,1353,71,0,0,127,2,Sun Apr 03 10:42:23 JST 2016
HARD HOP,MENTAL MELTDOWN,GUHROOVY fw.TECHNORCH,ANOTHER,DJT,145,11,1443,128,0,0,128,2,Sun Apr 03 10:42:23 JST 2016
ELECTRONICA,MINT,SLAKE,ANOTHER,DD,150,11,1158,22,0,0,129,2,Sun Apr 03 10:42:23 JST 2016
BUCHIAGE TRANCE,MIRACLE MEETS,Lucky Vacuum,ANOTHER,SIR,160,11,1128,42,69,8,130,2,Sun Apr 03 10:42:23 JST 2016
CUDDLECORE,murmur twins,yu_tokiwa.djw,ANOTHER,8th,174,11,1207,58,0,0,131,2,Sun Apr 03 10:42:23 JST 2016
TECH-BREAKBEATS,naughty girl@Queen's Palace,DJ Mass MAD Izm*,ANOTHER,EMP,145,11,1088,292,0,0,132,2,Sun Apr 03 10:42:23 JST 2016
TECHNO,NEMESIS,D.J.SETUP,ANOTHER,6th,164,11,973,52,0,0,133,2,Sun Apr 03 10:42:23 JST 2016
DRUM'N'BASS,NEMESIS -gratitude remix- IIDX Edition,Remixed by PHQUASE,ANOTHER,SPA,175,11,1364,40,0,0,134,2,Sun Apr 03 10:42:23 JST 2016
IIDX HANDZ UP!!,Never Fade Away,Sota Fujimori feat. dj MAX STEROID,ANOTHER,RA,170,11,1535,71,0,0,135,2,Sun Apr 03 10:42:23 JST 2016
SPEED DANCE CORE,New Decade IIDX Edition,Sota F.,ANOTHER,tri,200,11,1539,129,0,0,136,2,Sun Apr 03 10:42:23 JST 2016
ONLY ONE IDOL SONG,NEW SENSATION -もう、あなたしか見えない-,SUPER HEROINE 彩香-AYAKA-,ANOTHER,SIR,200,11,1357,56,50,0,137,2,Sun Apr 03 10:42:23 JST 2016
PUMPCORE,Night sky,USAO,ANOTHER,PEN,192,11,1491,90,30,0,138,2,Sun Apr 03 10:42:23 JST 2016
HARD EDM,No Tears,RoughSketch feat. Aikapin,ANOTHER,PEN,170,11,1286,49,0,0,139,2,Sun Apr 03 10:42:23 JST 2016
PROGRESSIVE BAROQUE,No.13,TAKA respect for J.S.B.,ANOTHER,10th,172,11,1607,84,0,0,140,2,Sun Apr 03 10:42:23 JST 2016
RADIO SHOWCASE,On the FM,C-Show,ANOTHER,cop,200,11,1419,177,2,2,141,2,Sun Apr 03 10:42:23 JST 2016
HARDCORE RAVE,Overload Frontier,DJ Shimamura,ANOTHER,SPA,175,11,1336,237,0,0,142,2,Sun Apr 03 10:42:23 JST 2016
TRANCE CORE,PARADISE LOST,Ryu☆ Vs. L.E.D.-G,HYPER,RA,200,11,1217,140,46,0,143,2,Sun Apr 03 10:42:23 JST 2016
SUPERNOVA2 BEAT #1,PARANOiA ～HADES～,αTYPE-300,HYPER,DJT,75～300,11,954,34,0,0,144,2,Sun Apr 03 10:42:23 JST 2016
SYSTEM BGM,PENDUAL TALISMAN,猫叉L.E.D.Master,ANOTHER,PEN,150～160,11,1314,60,0,1,145,2,Sun Apr 03 10:42:23 JST 2016
ANTHEM CORE,perditus†paradisus,iconoclasm,HYPER,RA,172,11,1345,69,42,0,146,2,Sun Apr 03 10:42:23 JST 2016
ANCIENT CIVILIZATION,Pharaoh,劇団レコード,ANOTHER,SPA,180,11,1242,97,0,0,147,2,Sun Apr 03 10:42:23 JST 2016
HARD DANCE,Pollinosis,dj REMO-CON,ANOTHER,SKY,145,11,1278,83,0,0,148,2,Sun Apr 03 10:42:23 JST 2016
PSY TRANCE(MORNING),Programmed Sun,kors k,ANOTHER,SIR,144,11,1309,75,11,0,149,2,Sun Apr 03 10:42:23 JST 2016
PSY TRANCE(FULL ON),Programmed World,kors k as StripE,ANOTHER,EMP,153,11,1161,43,0,0,150,2,Sun Apr 03 10:42:23 JST 2016
NU PROGRESSIVE,prompt,w×s ft.*spiLa*,ANOTHER,LC,198,11,1420,27,0,0,151,2,Sun Apr 03 10:42:23 JST 2016
TECHNO,QUANTUM TELEPORTATION,L.E.D.,ANOTHER,LC,152,11,1490,71,0,0,152,2,Sun Apr 03 10:42:23 JST 2016
TRANCE,quasar,OutPhase,ANOTHER,9th,155,11,1161,22,0,0,153,2,Sun Apr 03 10:42:23 JST 2016
RAVE FUSION,Quick Silver,Mystic Moon,ANOTHER,LC,172,11,1353,97,5,2,154,2,Sun Apr 03 10:42:23 JST 2016
RAVE,R5,tiger YAMATO with ultrabeatbox,ANOTHER,3rd,180,11,889,48,0,0,155,2,Sun Apr 03 10:42:23 JST 2016
TRANCE,rainbow flyer,dj TAKA,ANOTHER,8th,148,11,1081,36,0,0,156,2,Sun Apr 03 10:42:23 JST 2016
BRIGHTNESS,rainbow guitar weeps,dj TAKA,ANOTHER,SPA,156,11,1406,25,0,0,157,2,Sun Apr 03 10:42:23 JST 2016
HAPPY HARDCORE,rainbow rainbow,Ryu☆,ANOTHER,10th,177,11,1377,52,0,0,158,2,Sun Apr 03 10:42:23 JST 2016
ASTRAL CHOIR,Raison d'être～交差する宿命～,Zektbach,ANOTHER,SIR,155～175,11,1389,102,0,0,159,2,Sun Apr 03 10:42:23 JST 2016
HARD DANCE,Rave Saves You feat. Cardz (Exclusive IIDX Mix),REMO-CON,ANOTHER,PEN,143,11,1170,140,0,0,160,2,Sun Apr 03 10:42:23 JST 2016
SOLITUDE,Realize Maze,movies (moimoi×Xceon×Dai.),ANOTHER,PEN,149,11,1503,72,0,0,161,2,Sun Apr 03 10:42:23 JST 2016
SPEED RAVE,RED ZONE,Tatsh&amp;NAOKI,ANOTHER,RED,165,11,1184,56,0,0,162,2,Sun Apr 03 10:42:23 JST 2016
PSYCHEDELIC TRANCE,refractive index,Sota Fujimori,ANOTHER,SPA,154,11,1360,63,0,0,163,2,Sun Apr 03 10:42:23 JST 2016
HARD SONATA,RESONATE 1794,KOHTA,ANOTHER,RED,160,11,951,79,0,0,164,2,Sun Apr 03 10:42:23 JST 2016
CYBER WALTZ,reunion,Tatsh,HYPER,RA,184,11,1239,56,0,0,165,2,Sun Apr 03 10:42:23 JST 2016
J-CORE,Ride To The Core,GUHROOVY feat NO+CHIN &amp; Yuki,ANOTHER,cop,240,11,1309,78,0,0,166,2,Sun Apr 03 10:42:23 JST 2016
ELECTRO 2 STEP,RISLIM -Remix-,ric Remixed by Hisashi Nawata,ANOTHER,9th,132,11,959,61,0,0,167,2,Sun Apr 03 10:42:23 JST 2016
HARDCORE,Rock It,Hommarju,ANOTHER,cop,170,11,1500,59,0,0,168,2,Sun Apr 03 10:42:23 JST 2016
UK HARDCORE,Rock Da House,M-Project fw. GUHROOVY,ANOTHER,RA,175,11,1128,70,0,0,169,2,Sun Apr 03 10:42:23 JST 2016
JAZZY-ELECTRO,Routing,かめりあ,ANOTHER,cop,144,11,1323,195,0,0,170,2,Sun Apr 03 10:42:23 JST 2016
LOUNGECORE,rumrum triplets,yu_tokiwa.djw,ANOTHER,tri,192,11,1541,63,0,0,171,2,Sun Apr 03 10:42:23 JST 2016
DRUMSTEP,S!ck,Eagle,ANOTHER,tri,177,11,1373,140,5,4,172,2,Sun Apr 03 10:42:23 JST 2016
SHOOTING WALTZ,SABER WING,TAG,ANOTHER,RA,37～444,11,1438,47,0,0,173,2,Sun Apr 03 10:42:23 JST 2016
CHIPCORE,Sakura Mirage,Ryu☆,ANOTHER,PEN,187,11,1190,106,6,1,174,2,Sun Apr 03 10:42:23 JST 2016
HAPPY HARDCORE,Sakura Reflection,Ryu☆,ANOTHER,RA,181,11,1190,41,48,0,175,2,Sun Apr 03 10:42:23 JST 2016
HARD HOUSE,satellite020712 from "CODED ARMS",猫叉Master,ANOTHER,DJT,154,11,1293,110,0,0,176,2,Sun Apr 03 10:42:23 JST 2016
PROGRESSIVE TRIBAL,Saturn,Mr.Saturn,ANOTHER,tri,155,11,1332,32,0,0,177,2,Sun Apr 03 10:42:23 JST 2016
J-CORE,Scarlet Moon,REDALiCE feat. Ayumi Nomiya,ANOTHER,PEN,180,11,1389,84,12,2,178,2,Sun Apr 03 10:42:23 JST 2016
WORLD/ELECTRONICA,Scars of FAUNA,猫叉Master,ANOTHER,PEN,165,11,1475,16,91,0,179,2,Sun Apr 03 10:42:23 JST 2016
HARD ROCK,Scharfrichter,Ashemu,ANOTHER,LC,217,11,1472,57,46,1,180,2,Sun Apr 03 10:42:23 JST 2016
FULL ON,SCHWARZSCHILD FIELD,L.E.D.,ANOTHER,SPA,150,11,1232,131,0,0,181,2,Sun Apr 03 10:42:23 JST 2016
TECHNO,Scripted Connection⇒ H mix,DJ MURASAME,ANOTHER,SKY,151,11,1275,56,0,0,182,2,Sun Apr 03 10:42:23 JST 2016
HANDZ UP,Second Heaven,Ryu☆,ANOTHER,GOLD,149,11,1069,55,0,0,183,2,Sun Apr 03 10:42:23 JST 2016
DRUM'N'BASS,Secret of Love,D.J.SWAN,ANOTHER,RED,162,11,1019,31,0,0,184,2,Sun Apr 03 10:42:23 JST 2016
TECH-PARA,Secrets,good-cool ft. CHiCO,ANOTHER,EMP,150,11,1592,135,0,0,185,2,Sun Apr 03 10:42:23 JST 2016
CHAOTIC SPEEDCORE,SEITEN NO TERIYAKI,Kobaryo,ANOTHER,cop,273,11,1163,87,0,0,186,2,Sun Apr 03 10:42:23 JST 2016
RAVE,Sense 2007,good-cool,HYPER,GOLD,140,11,1179,175,0,0,187,2,Sun Apr 03 10:42:23 JST 2016
ELECTRIC FUSION,Session 1 -Genesis-,PRASTIK DANCEFLOOR,ANOTHER,SIR,79～178,11,1240,39,56,0,188,2,Sun Apr 03 10:42:23 JST 2016
TECHNO,SHADE,DJ MURASAME vs dj Killer,ANOTHER,LC,151,11,1464,28,0,0,189,2,Sun Apr 03 10:42:23 JST 2016
ROCKIN' DRUM&amp;BASS,SHELTER OF THE MIND,YURiCa/花たん,ANOTHER,cop,185,11,1538,83,0,0,190,2,Sun Apr 03 10:42:23 JST 2016
ELE POP,smile,miru_maki.gjw,ANOTHER,GOLD,189,11,1464,139,0,0,191,2,Sun Apr 03 10:42:23 JST 2016
ONLY ONE ACT,Smug Face -どうだ、オレの生き様は- (ONLY ONE EDITION),SUPER STAR 満-MITSURU-,ANOTHER,SPA,162,11,1334,45,10,0,192,2,Sun Apr 03 10:42:23 JST 2016
ELECTRIC POMP,Snow Goose,Mutsuhiko Izumi,ANOTHER,LC,200,11,1238,10,0,0,193,2,Sun Apr 03 10:42:23 JST 2016
FREEFORM HARDCORE,SOUND OF GIALLARHORN,L.E.D.-G,ANOTHER,DJT,184,11,1668,61,0,0,194,2,Sun Apr 03 10:42:23 JST 2016
戦艦テクノ,SPACE FIGHT,AKIRA YAMAOKA,ANOTHER,10th,139,11,1134,52,0,0,195,2,Sun Apr 03 10:42:23 JST 2016
HOUSE,Spica,D.JW,ANOTHER,7th,128,11,1167,51,0,0,196,2,Sun Apr 03 10:42:23 JST 2016
PSYCHEDELIC TECHNO,spiral galaxy,D.J.SETUP,ANOTHER,RED,154,11,1310,46,0,0,197,2,Sun Apr 03 10:42:23 JST 2016
WITHOUT YOU TONIGHT-VI-,Squeeze,VENUS feat. Mutsuhiko Izumi,ANOTHER,SPA,173,11,1257,69,0,0,198,2,Sun Apr 03 10:42:23 JST 2016
DANCE SPEED GOLD,STARLiGHT,星龍,ANOTHER,cop,199,11,1413,165,0,0,199,2,Sun Apr 03 10:42:23 JST 2016
HAPPY EMOTION,STARLIGHT DANCEHALL,P*Light,ANOTHER,cop,177,11,1342,147,0,0,200,2,Sun Apr 03 10:42:23 JST 2016
BREAK CORE,STEEL NEEDLE,Scorpion,ANOTHER,DJT,205,11,1269,81,0,0,201,2,Sun Apr 03 10:42:23 JST 2016
SYMPHONOVATIVE ROCK,Stella Sinistra,Akhuta Philharmonic Orchestra,ANOTHER,SPA,120～180,11,1279,62,0,0,202,2,Sun Apr 03 10:42:23 JST 2016
HARD DANCE,STELLAR WIND,L.E.D.,ANOTHER,RA,162,11,1370,72,0,0,203,2,Sun Apr 03 10:42:23 JST 2016
TECHNO,stoic,TaQ,ANOTHER,7th,155,11,1302,46,0,0,204,2,Sun Apr 03 10:42:23 JST 2016
HAPPY POP,Sun Field,mh sequence,ANOTHER,DD,152,11,1234,87,0,0,205,2,Sun Apr 03 10:42:23 JST 2016
HIPHOP,SWEETEST SAVAGE,ASLETICS,ANOTHER,9th,114,11,930,181,0,0,206,2,Sun Apr 03 10:42:23 JST 2016
ULTIMATE J-POP,switch,DAISUKE ASAKURA ex.TЁЯRA,ANOTHER,DJT,152,11,1069,48,0,0,207,2,Sun Apr 03 10:42:23 JST 2016
ORBITALIC REVOLUTION,Synergy For Angels,TAG×U1-ASAMi,ANOTHER,tri,160,11,1400,48,0,0,208,2,Sun Apr 03 10:42:23 JST 2016
INSTRUMENTAL,Take It Easy,Aya,ANOTHER,6th,205,11,1282,55,0,0,209,2,Sun Apr 03 10:42:23 JST 2016
EUROBEAT,Take My Life,Y&amp;Co.,ANOTHER,tri,175,11,1487,54,0,0,210,2,Sun Apr 03 10:42:23 JST 2016
GOA TRANCE,THE BLACK KNIGHT,L.E.D.,ANOTHER,RA,154,11,1488,23,20,0,211,2,Sun Apr 03 10:42:23 JST 2016
NU STYLE GABBA,THE DETONATOR,teranoid VS L.E.D.-G,ANOTHER,SPA,173,11,1636,138,0,0,212,2,Sun Apr 03 10:42:23 JST 2016
NU STYLE GABBA,THE DEEP STRIKER,L.E.D.-G,ANOTHER,DJT,173,11,1528,130,0,0,213,2,Sun Apr 03 10:42:23 JST 2016
SADISTIC HARDCORE,The Dirty of Loudness,Tatsh Assault X,ANOTHER,DD,165,11,1327,66,0,0,214,2,Sun Apr 03 10:42:23 JST 2016
GOTH NU-STYLE GABBA,THE FALLEN,L.E.D.-G,ANOTHER,RA,167,11,1377,97,0,0,215,2,Sun Apr 03 10:42:23 JST 2016
DRUM &amp; BASS,THE LAST STRIKER,L.E.D.,ANOTHER,SIR,185,11,1327,25,0,0,216,2,Sun Apr 03 10:42:23 JST 2016
SCHRANZ,the shadow,kors k,ANOTHER,GOLD,156,11,1480,59,0,0,217,2,Sun Apr 03 10:42:23 JST 2016
DANCE SPEED,Time to Air,青龍,ANOTHER,DJT,191,11,1458,102,0,0,218,2,Sun Apr 03 10:42:23 JST 2016
DRUMSTEP,TITANS RETURN,L.E.D.,ANOTHER,LC,194,11,1275,103,0,0,219,2,Sun Apr 03 10:42:23 JST 2016
PSG WORKS,TRANOID,T&amp;S seq. factory,ANOTHER,GOLD,130～190,11,1141,60,0,0,220,2,Sun Apr 03 10:42:23 JST 2016
GABBA,tripping contact(teranoid&amp;MC Natsack Remix),kors k vs teranoid,ANOTHER,DD,187,11,1258,87,0,0,221,2,Sun Apr 03 10:42:23 JST 2016
VACATION DANCE,Tropical April,Risk Junk,ANOTHER,RA,182,11,1395,97,0,0,222,2,Sun Apr 03 10:42:23 JST 2016
PSYCHEDELIC TRANCE,TYPE MARS(G-Style Mix),L.E.D.,ANOTHER,DD,159,11,1237,54,0,0,223,2,Sun Apr 03 10:42:23 JST 2016
PROGRESSIVE BAROQUE,Übertreffen,TAKA respect for J.S.B.,ANOTHER,DJT,174,11,1280,56,0,0,224,2,Sun Apr 03 10:42:23 JST 2016
BREAKBEATS TRANCE,Unicorn tail,DJ YOSHITAKA,ANOTHER,SPA,170,11,1605,54,0,0,225,2,Sun Apr 03 10:42:23 JST 2016
PROGRESSIVE,"PROGRESSIVE"<font color="orange">[SP ANOTHER]<font color="yellow"></font></font> <b>V<font size="-2">2</font></b> / TAKA bpm:150 - ★11 Notes:1810,"PROGRESSIVE"<font color="orange">[SP ANOTHER]<font color="yellow"></font></font> <b>V<font size="-2">2</font></b> / TAKA bpm:150 - ★11 Notes:1810,ANOTHER,EMP,150,11,1810,64,0,0,226,2,Sun Apr 03 10:42:23 JST 2016
MAINSTREAM HARDCORE,Valgus,DJ Myosuke feat. Yukacco,ANOTHER,SPA,175,11,1206,123,0,0,227,2,Sun Apr 03 10:42:23 JST 2016
TRANCE CORE,VALLIS-NERIA,DJ YOSHITAKA,ANOTHER,tri,185,11,1507,85,54,1,228,2,Sun Apr 03 10:42:23 JST 2016
DECEPTIVE GABBA,VANESSA,朱雀,HYPER,GOLD,185,11,938,109,0,0,229,2,Sun Apr 03 10:42:23 JST 2016
UNIVERSAL J-CORE,VEGA,REDALiCE,ANOTHER,tri,191,11,1584,98,0,1,230,2,Sun Apr 03 10:42:23 JST 2016
LATIN JAZZ TRIO,Violet Rose,OSTER project,ANOTHER,cop,152,11,1333,44,0,0,231,2,Sun Apr 03 10:42:23 JST 2016
UK HARDCORE,Votum stellarum -Hommarju Remix-,Remixed by Hommarju,ANOTHER,SPA,154～175,11,1384,64,0,0,232,2,Sun Apr 03 10:42:23 JST 2016
ROTTERDAM TECHNO,VOX UP,sampling masters MEGA vs 青龍,HYPER,SPA,202,11,1473,207,0,0,233,2,Sun Apr 03 10:42:23 JST 2016
GYPSYCORE,Vulkan,Hommarju,ANOTHER,PEN,205,11,1518,45,0,0,234,2,Sun Apr 03 10:42:23 JST 2016
DANCE SPEED,waxing and wanding,青龍,ANOTHER,DD,191,11,1457,62,0,0,235,2,Sun Apr 03 10:42:23 JST 2016
HARDCORE,Welcome,Uraken,ANOTHER,cop,170,11,1357,166,0,0,236,2,Sun Apr 03 10:42:23 JST 2016
NATURAL SOUND,Wonder Bullfighter,Twin AmadeuS,ANOTHER,RED,126,11,1062,241,0,0,237,2,Sun Apr 03 10:42:23 JST 2016
EUROBEAT,Wonder Girl feat. Kanae Asaba,Y&amp;Co.,ANOTHER,SPA,160,11,1414,54,0,0,238,2,Sun Apr 03 10:42:23 JST 2016
ELECTROSHOCK,xenon,Mr.T,ANOTHER,8th,158,11,1379,49,0,0,239,2,Sun Apr 03 10:42:23 JST 2016
MEDIEVAL CHOIR,Xepher,Tatsh,ANOTHER,SKY,170,11,1520,52,0,0,240,2,Sun Apr 03 10:42:23 JST 2016
ONLY ONE TECHNO,You'll say "Now!",BLACK STAR 幸広-YUKIHIRO-,ANOTHER,EMP,155,11,1276,45,0,0,241,2,Sun Apr 03 10:42:23 JST 2016
DUB STEP,ZED,USAO,ANOTHER,tri,190,11,1405,36,0,0,242,2,Sun Apr 03 10:42:23 JST 2016
IDM,ZETA ～素数の世界と超越者～,Zektbach,ANOTHER,RA,90～180,11,1583,55,0,0,243,2,Sun Apr 03 10:42:23 JST 2016
SYNTHETIC PROGRESSIVE ROCK,100% minimoo-G,Sota Fujimori,ANOTHER,SKY,252,11,903,121,0,0,244,2,Sun Apr 03 10:42:23 JST 2016
お江戸テクノ,1st Samurai,sampling masters MEGA,ANOTHER,10th,175～200,11,1383,133,0,0,245,2,Sun Apr 03 10:42:23 JST 2016
TRIBAL,2 tribe 4 K,Remo-con,ANOTHER,DJT,140,11,1402,71,0,0,246,2,Sun Apr 03 10:42:23 JST 2016
EURO RAVE,24th Century BOY,Tatsh,ANOTHER,LC,168,11,1456,43,0,0,247,2,Sun Apr 03 10:42:23 JST 2016
HARDCORE,405nm (Ryu☆mix),Another Infinity,ANOTHER,tri,177,11,1301,43,0,0,248,2,Sun Apr 03 10:42:23 JST 2016
HARDCORE,532nm,Ryu☆,ANOTHER,LC,177,11,1349,60,0,0,249,2,Sun Apr 03 10:42:23 JST 2016
ASTRAL HARDCORE,ÆTHER,TAG underground,ANOTHER,SPA,192,11,1440,144,0,0,250,2,Sun Apr 03 10:42:23 JST 2016
ZODIAC ORACLE X,牧神笛吹きて,楽士ゾディアック,ANOTHER,SPA,157,11,1044,43,0,0,251,2,Sun Apr 03 10:42:23 JST 2016
ARTCORE ROCK,朝焼けから始まるボクらの小さな旅,cosMo@暴走P,ANOTHER,cop,100～218,11,1298,62,0,2,252,2,Sun Apr 03 10:42:23 JST 2016
J-SPEEDMETAL,バンブーソード・ガール,cosMo@暴走P,ANOTHER,SPA,208,11,1261,137,0,0,253,2,Sun Apr 03 10:42:23 JST 2016
電波,カジノファイヤーことみちゃん,ARM feat. 山本椛＋Brasscapsule,ANOTHER,tri,230,11,1271,242,11,3,254,2,Sun Apr 03 10:42:23 JST 2016
JAPANESE TRADITIONAL,打打打打打打打打打打,ヒゲドライバー join. SELEN,ANOTHER,PEN,156,11,1342,50,0,1,255,2,Sun Apr 03 10:42:23 JST 2016
電波METAL,死神自爆中二妹アイドルももかりん(1歳),山本椛,ANOTHER,SPA,210,11,1472,86,0,0,256,2,Sun Apr 03 10:42:23 JST 2016
EPIC TECHNO,龍と少女とデコヒーレンス,黒猫ダンジョン,ANOTHER,tri,165,11,1515,42,0,0,257,2,Sun Apr 03 10:42:23 JST 2016
ドタバタ☆夏休み,ドッキン☆サマーあばんちゅーる,L.E.D.-G + Qrispy Joybox + ARM feat. ななひら,ANOTHER,PEN,180,11,1447,157,0,0,258,2,Sun Apr 03 10:42:23 JST 2016
HAPPY VACAY CORE,全力 SPECIAL VACATION!! ～限りある休日～,DJ GW,ANOTHER,PEN,170,11,1142,64,0,0,259,2,Sun Apr 03 10:42:23 JST 2016
CREATOR,創世ノート,PON+wac,ANOTHER,tri,200,11,1512,87,0,0,260,2,Sun Apr 03 10:42:23 JST 2016
ESOTERIC SPEEDCORE,卑弥呼,朱雀 VS 玄武,HYPER,EMP,83～185,11,1442,46,0,0,261,2,Sun Apr 03 10:42:23 JST 2016
ELECTRIC MANOUSH SWING,デッドボヲルdeホームラン,猫叉Masterβ2,ANOTHER,SPA,145,11,1417,107,0,0,262,2,Sun Apr 03 10:42:23 JST 2016
HARDSTYLE,炸裂！イェーガー電光チョップ!! (JAEGER FINAL ATTACK),L.E.D.,ANOTHER,cop,159,11,1312,96,0,0,263,2,Sun Apr 03 10:42:23 JST 2016
TIME TRIP JAZZ,時空トラベローグ,SWING HOLIC feat. A～YA,ANOTHER,PEN,234,11,1395,55,0,0,264,2,Sun Apr 03 10:42:23 JST 2016
ASIAN MIXTURE,華蝶風雪,白虎,ANOTHER,DD,199,11,1500,45,0,0,265,2,Sun Apr 03 10:42:23 JST 2016
ORIENTAL MYTHOLOGY,蛇神,Zektbach,ANOTHER,LC,170,11,1438,48,40,0,266,2,Sun Apr 03 10:42:23 JST 2016
トレンディーフュージョン,君のハートにロックオン,Dr.Honda,ANOTHER,LC,260,11,1363,66,0,0,267,2,Sun Apr 03 10:42:23 JST 2016
KANA-POP,恋は白帯、サンシロー†,星野奏子,ANOTHER,PEN,175,11,1395,73,0,1,268,2,Sun Apr 03 10:42:23 JST 2016
エピックプログレ,量子の海のリントヴルム,黒猫ダンジョン,ANOTHER,cop,280,11,1508,46,22,0,269,2,Sun Apr 03 10:42:23 JST 2016
青春剛速球メタル,マインド・ゲーム,96 with メカショッチョー,ANOTHER,SPA,180,11,1243,56,0,0,270,2,Sun Apr 03 10:42:23 JST 2016
きらめきコア,もっと!モット!ときめき feat.松下,シャイニング度胸兄弟,ANOTHER,PEN,185,11,1424,149,4,0,271,2,Sun Apr 03 10:42:23 JST 2016
CONTEMPORARY,嘆きの樹,金獅子,HYPER,DD,160,11,1281,57,0,0,272,2,Sun Apr 03 10:42:23 JST 2016
BLOOD METAL,IX,dj TAKA VS DJ TOTTO feat.藍,HYPER,SPA,198,11,1247,70,17,1,273,2,Sun Apr 03 10:42:23 JST 2016
ASURA TEK CORE,鬼天,兎々,ANOTHER,PEN,161,11,1265,39,46,0,274,2,Sun Apr 03 10:42:23 JST 2016
ニューエイジ合掌コア,御千手メディテーション,昇天家族,ANOTHER,SPA,150～190,11,1170,199,0,0,275,2,Sun Apr 03 10:42:23 JST 2016
電波ソング,パ→ピ→プ→Yeah!,ヒゲドライバー join shully &amp; Nimo,ANOTHER,PEN,160,11,1280,27,37,0,276,2,Sun Apr 03 10:42:23 JST 2016
DIRGE,ピアノ協奏曲第１番"蠍火",virkato,HYPER,RED,165～188,11,1111,50,0,0,277,2,Sun Apr 03 10:42:23 JST 2016
ぷろぐれっしぶ電波,ぷろぐれっしぶ時空少女!うらしまたろ子ちゃん!,ARM(IOSYS) feat. 山本椛,ANOTHER,PEN,175,11,1285,111,0,0,278,2,Sun Apr 03 10:42:23 JST 2016
RAGE AGAINST EMPRESS,天空脳番長危機十六連打,D.J.SETUP,ANOTHER,EMP,150,11,1323,74,0,0,279,2,Sun Apr 03 10:42:23 JST 2016
REGGAE,ラクエン,Chonan Chiharu,ANOTHER,SKY,99～198,11,1034,231,0,0,280,2,Sun Apr 03 10:42:23 JST 2016
ORBITALICTRO,セロトニン,U1 overground,ANOTHER,cop,150,11,1194,75,14,2,281,2,Sun Apr 03 10:42:23 JST 2016
BROKEN SAMBA BREAK,灼熱 Pt.2 Long Train Running,DJ Mass MAD Izm*,HYPER,cop,165,11,1093,505,0,4,282,2,Sun Apr 03 10:42:23 JST 2016
FUTURE E-POP,追想快晴テーマパーク,PHQUASE,ANOTHER,cop,170,11,1589,57,0,0,283,2,Sun Apr 03 10:42:23 JST 2016
PIECED SUNDAY,太陽SUNSUNボンジュールアバンチュール,Project B-,ANOTHER,cop,140,11,1402,69,0,0,284,2,Sun Apr 03 10:42:23 JST 2016
ELECLORE,旅人リラン,XOGO BRYKK,ANOTHER,RA,155,11,1345,38,0,0,285,2,Sun Apr 03 10:42:23 JST 2016
HARD DANCE,合体せよ！ストロングイェーガー!!(Ryu☆ remix),L.E.D. / Remixed by Ryu☆,ANOTHER,SKY,155,11,972,65,0,0,286,2,Sun Apr 03 10:42:23 JST 2016
TECHNO,仮想空間の旅人たち,DJ MURASAME,ANOTHER,tri,151,11,1450,27,0,0,287,2,Sun Apr 03 10:42:23 JST 2016
DUBCORE,#The_Relentless,DJ Noriken,ANOTHER,PEN,170,11,1479,105,4,0,288,2,Sun Apr 03 10:42:23 JST 2016
TROPICAL,とろぴかる倶楽部,HALFBY,ANOTHER,PEN,120,11,1154,245,0,0,289,2,Sun Apr 03 10:42:23 JST 2016
WINTER GROW,麗 ～うらら～,SOUND HOLIC feat. Nana Takahashi,ANOTHER,cop,155,11,1329,68,0,0,290,2,Sun Apr 03 10:42:23 JST 2016
PIECED EUPHORIA,超青少年ノ為ノ超多幸ナ超古典的超舞曲,Project B-,ANOTHER,PEN,150,11,1350,10,0,0,291,2,Sun Apr 03 10:42:23 JST 2016
新世紀進歩的羽扇子音楽,Ｘ↑Ｘ↓,DJ TECHNORCH,ANOTHER,PEN,172,11,1485,86,0,0,292,2,Sun Apr 03 10:42:23 JST 2016
SYMPHONIC-TEK,ユミル,MYTHOLOGIA by MLREC.,ANOTHER,LC,164,11,1434,78,0,0,293,2,Sun Apr 03 10:42:23 JST 2016
AURAL ADRENALINE,夕焼け～Fading Day～,JAKAZiD,ANOTHER,RA,174,11,1420,75,0,0,294,2,Sun Apr 03 10:42:23 JST 2016